{
    "Apps": [
        {"extension": {
            "remote_install": true,
            "disable_reasons": 2048,
            "update_url": "https://clients2.google.com/service/update2/crx",
            "name": "pjkljhegncpnkpknbcohdijeoejaedia",
            "id": "pjkljhegncpnkpknbcohdijeoejaedia",
            "version": "0",
            "enabled": false
}}
    ],
    "App Settings": [],
    "Preferences": [
        {
            "name": "enable_do_not_track",
            "value": "false"
},
        {
            "name": "intl.accept_languages",
            "value": "\"my-MM,my,en-MM,en-US,en\""
},
        {
            "name": "autofill.credit_card_enabled",
            "value": "true"
},
        {
            "name": "privacy_sandbox.manually_controlled",
            "value": "true"
},
        {
            "name": "translate_whitelists",
            "value": "{}"
},
        {
            "name": "privacy_sandbox.apis_enabled",
            "value": "true"
},
        {
            "name": "autofill.profile_enabled",
            "value": "true"
},
        {
            "name": "translate_force_trigger_on_english_count_for_backoff_1",
            "value": "-1"
},
        {
            "name": "browser.clear_data.time_period",
            "value": "3"
},
        {
            "name": "translate_site_blacklist",
            "value": "[\"support.google.com\"]"
},
        {
            "name": "search.suggest_enabled",
            "value": "true"
},
        {
            "name": "profile.cookie_controls_mode",
            "value": "0"
},
        {
            "name": "safebrowsing.enabled",
            "value": "true"
},
        {
            "name": "translate_ignored_count_for_language",
            "value": "{\"be\":0,\"en\":0,\"ms\":0,\"my\":0,\"nl\":0,\"th\":0}"
},
        {
            "name": "dom_distiller.reader_for_accessibility",
            "value": "true"
},
        {
            "name": "browser.clear_data.cookies_basic",
            "value": "false"
},
        {
            "name": "download.prompt_for_download_android",
            "value": "1"
},
        {
            "name": "translate_blocked_languages",
            "value": "[\"my\",\"en\"]"
},
        {
            "name": "translate_recent_target",
            "value": "\"my\""
},
        {
            "name": "browser.clear_data.cache_basic",
            "value": "false"
},
        {
            "name": "translate_site_blacklist_with_time",
            "value": "{\"support.google.com\":\"13273423346907087\"}"
},
        {
            "name": "browser.clear_data.passwords",
            "value": "false"
},
        {
            "name": "sync.demographics_birth_year_offset",
            "value": "-1"
},
        {
            "name": "translate_accepted_count",
            "value": "{\"be\":1,\"en\":43,\"ms\":4,\"my\":5,\"nl\":1,\"th\":1}"
},
        {
            "name": "browser.clear_data.form_data",
            "value": "true"
},
        {
            "name": "intl.selected_languages",
            "value": "\"my-MM,my,en-MM,en-US,en\""
},
        {
            "name": "sharing.vapid_key",
            "value": "{\"vapid_creation_timestamp\":\"13272189538193099\",\"vapid_private_key\":\"MIGHAgEAMBMGByqGSM49AgEGCCqGSM49AwEHBG0wawIBAQQgBqOwFx1U7DW/M7bb3bCKTcBqVbvAM5BWXhuivDLEqe+hRANCAASgKpJHiUQxq81qDGhsFtfBgqy3VrZz7yS2cJvSmqfxk9QuNtzE2sWK9E1w9y6YTDquRia4eT6YuGBHnXNLUsmB\"}"
},
        {
            "name": "net.network_prediction_options",
            "value": "1"
},
        {
            "name": "translate_denied_count_for_language",
            "value": "{\"be\":0,\"en\":0,\"ms\":0,\"my\":0,\"nl\":0,\"th\":0}"
},
        {
            "name": "search.contextual_search_enabled",
            "value": "\"true\""
},
        {
            "name": "translate.enabled",
            "value": "false"
},
        {
            "name": "translate_auto_always_count",
            "value": "{\"en\":2,\"ms\":1}"
},
        {
            "name": "browser.clear_data.site_settings",
            "value": "false"
}
    ],
    "Themes": []
}