{
  "title": "20210811165854.jpg",
  "description": "",
  "imageViews": "2",
  "creationTime": {
    "timestamp": "1629127137",
    "formatted": "၂၀၂၁၊ ဩ ၁၆ UTC ၁၅:၁၈:၅၇"
  },
  "photoTakenTime": {
    "timestamp": "1628677734",
    "formatted": "၂၀၂၁၊ ဩ ၁၁ UTC ၁၀:၂၈:၅၄"
  },
  "geoData": {
    "latitude": 0.0,
    "longitude": 0.0,
    "altitude": 0.0,
    "latitudeSpan": 0.0,
    "longitudeSpan": 0.0
  },
  "geoDataExif": {
    "latitude": 0.0,
    "longitude": 0.0,
    "altitude": 0.0,
    "latitudeSpan": 0.0,
    "longitudeSpan": 0.0
  },
  "url": "https://lh3.googleusercontent.com/qASh48JfEDsOfbFQwZuoUCtnNDoKR8FWv1gs8qN8tmw0h0r84EQl5DeLOhUI1nZ79dkn1O918TGE_EzKrlza4xtAQxiuamNRjptkLg",
  "googlePhotosOrigin": {
    "mobileUpload": {
      "deviceFolder": {
        "localFolderName": "MY YANMAR"
      },
      "deviceType": "ANDROID_PHONE"
    }
  },
  "photoLastModifiedTime": {
    "timestamp": "1629127859",
    "formatted": "၂၀၂၁၊ ဩ ၁၆ UTC ၁၅:၃၀:၅၉"
  }
}