{
  "title": "IMG_20210816_091421.jpg",
  "description": "",
  "imageViews": "2",
  "creationTime": {
    "timestamp": "1629127067",
    "formatted": "၂၀၂၁၊ ဩ ၁၆ UTC ၁၅:၁၇:၄၇"
  },
  "photoTakenTime": {
    "timestamp": "1629081860",
    "formatted": "၂၀၂၁၊ ဩ ၁၆ UTC ၀၂:၄၄:၂၀"
  },
  "geoData": {
    "latitude": 0.0,
    "longitude": 0.0,
    "altitude": 0.0,
    "latitudeSpan": 0.0,
    "longitudeSpan": 0.0
  },
  "geoDataExif": {
    "latitude": 0.0,
    "longitude": 0.0,
    "altitude": 0.0,
    "latitudeSpan": 0.0,
    "longitudeSpan": 0.0
  },
  "url": "https://lh3.googleusercontent.com/pSbY-_StRmylaQSUxBELCA8QFtKn87s6Olq2rGIfIAVy2IS-pF8Bfq9I7dWqhRbk815TJn3ZV4WHo4rUJCB_A7UCSrdeOO8cADsNjA",
  "googlePhotosOrigin": {
    "mobileUpload": {
      "deviceFolder": {
        "localFolderName": ""
      },
      "deviceType": "ANDROID_PHONE"
    }
  },
  "photoLastModifiedTime": {
    "timestamp": "1629127647",
    "formatted": "၂၀၂၁၊ ဩ ၁၆ UTC ၁၅:၂၇:၂၇"
  }
}