{
  "title": "Screenshot_20210810_060630_com.huawei.android.launcher.jpg",
  "description": "",
  "imageViews": "2",
  "creationTime": {
    "timestamp": "1629127133",
    "formatted": "၂၀၂၁၊ ဩ ၁၆ UTC ၁၅:၁၈:၅၃"
  },
  "photoTakenTime": {
    "timestamp": "1628552190",
    "formatted": "၂၀၂၁၊ ဩ ၉ UTC ၂၃:၃၆:၃၀"
  },
  "geoData": {
    "latitude": 0.0,
    "longitude": 0.0,
    "altitude": 0.0,
    "latitudeSpan": 0.0,
    "longitudeSpan": 0.0
  },
  "geoDataExif": {
    "latitude": 0.0,
    "longitude": 0.0,
    "altitude": 0.0,
    "latitudeSpan": 0.0,
    "longitudeSpan": 0.0
  },
  "url": "https://lh3.googleusercontent.com/rjnmeVpvogPWaWp-rcKh-Kl544YlPK7PeLOH6Ca50fTdCfo53-W3kUp1E1_Aa-xtKG9174-CeRU_95CRFh48NXlUjojz7kzVdubsng",
  "googlePhotosOrigin": {
    "mobileUpload": {
      "deviceFolder": {
        "localFolderName": ""
      },
      "deviceType": "ANDROID_PHONE"
    }
  },
  "photoLastModifiedTime": {
    "timestamp": "1629127859",
    "formatted": "၂၀၂၁၊ ဩ ၁၆ UTC ၁၅:၃၀:၅၉"
  }
}