{
  "timelineObjects" : [ {
    "activitySegment" : {
      "startLocation" : {
        "latitudeE7" : 140802926,
        "longitudeE7" : 982034475,
        "sourceInfo" : {
          "deviceTag" : -2123684348
        }
      },
      "endLocation" : {
        "latitudeE7" : 140839377,
        "longitudeE7" : 982023886,
        "sourceInfo" : {
          "deviceTag" : -2123684348
        }
      },
      "duration" : {
        "startTimestampMs" : "1628248344883",
        "endTimestampMs" : "1628269931002"
      },
      "distance" : 421,
      "activityType" : "IN_PASSENGER_VEHICLE",
      "confidence" : "LOW",
      "activities" : [ {
        "activityType" : "IN_PASSENGER_VEHICLE",
        "probability" : 47.745296359062195
      }, {
        "activityType" : "STILL",
        "probability" : 24.5150625705719
      }, {
        "activityType" : "WALKING",
        "probability" : 19.543056190013885
      }, {
        "activityType" : "MOTORCYCLING",
        "probability" : 5.331564322113991
      }, {
        "activityType" : "CYCLING",
        "probability" : 1.0588092729449272
      }, {
        "activityType" : "IN_BUS",
        "probability" : 0.46627488918602467
      }, {
        "activityType" : "RUNNING",
        "probability" : 0.4378172103315592
      }, {
        "activityType" : "IN_FERRY",
        "probability" : 0.4124976694583893
      }, {
        "activityType" : "FLYING",
        "probability" : 0.269394158385694
      }, {
        "activityType" : "IN_TRAIN",
        "probability" : 0.08379256469197571
      }, {
        "activityType" : "SAILING",
        "probability" : 0.07788119837641716
      }, {
        "activityType" : "SKIING",
        "probability" : 0.048860698007047176
      }, {
        "activityType" : "IN_SUBWAY",
        "probability" : 0.008160455035977066
      }, {
        "activityType" : "IN_TRAM",
        "probability" : 0.0015079366676218342
      }, {
        "activityType" : "IN_VEHICLE",
        "probability" : 2.5728570562932873E-5
      } ]
    }
  }, {
    "activitySegment" : {
      "startLocation" : {
        "latitudeE7" : 140802062,
        "longitudeE7" : 982033761,
        "sourceInfo" : {
          "deviceTag" : -2123684348
        }
      },
      "endLocation" : {
        "latitudeE7" : 140839398,
        "longitudeE7" : 982022816,
        "sourceInfo" : {
          "deviceTag" : -2123684348
        }
      },
      "duration" : {
        "startTimestampMs" : "1628864674187",
        "endTimestampMs" : "1628868539302"
      },
      "distance" : 431,
      "activityType" : "IN_PASSENGER_VEHICLE",
      "confidence" : "LOW",
      "activities" : [ {
        "activityType" : "IN_PASSENGER_VEHICLE",
        "probability" : 43.159618973731995
      }, {
        "activityType" : "STILL",
        "probability" : 37.30088174343109
      }, {
        "activityType" : "WALKING",
        "probability" : 8.37472602725029
      }, {
        "activityType" : "MOTORCYCLING",
        "probability" : 8.247045427560806
      }, {
        "activityType" : "CYCLING",
        "probability" : 1.5627676621079445
      }, {
        "activityType" : "IN_BUS",
        "probability" : 0.7086219731718302
      }, {
        "activityType" : "RUNNING",
        "probability" : 0.2423018915578723
      }, {
        "activityType" : "IN_FERRY",
        "probability" : 0.14764298684895039
      }, {
        "activityType" : "IN_TRAIN",
        "probability" : 0.08413227624259889
      }, {
        "activityType" : "FLYING",
        "probability" : 0.0838367675896734
      }, {
        "activityType" : "SAILING",
        "probability" : 0.03470225783530623
      }, {
        "activityType" : "SKIING",
        "probability" : 0.02978530537802726
      }, {
        "activityType" : "IN_SUBWAY",
        "probability" : 0.021194666624069214
      }, {
        "activityType" : "IN_TRAM",
        "probability" : 0.00270919845206663
      }, {
        "activityType" : "IN_VEHICLE",
        "probability" : 2.9820702707183955E-5
      } ]
    }
  } ]
}