{
    "Data Source": "derived:com.google.heart_minutes:com.google.android.gms:merge_heart_minutes",
    "Data Points": [
        {"fitValue":[{"value":{"fpVal":1}}],"originDataSourceId":"derived:com.google.step_count.delta:com.google.android.gms:estimated_steps","endTimeNanos":1628999640000000000,"dataTypeName":"com.google.heart_minutes","startTimeNanos":1628999580000000000,"modifiedTimeMillis":1629044359609,"rawTimestampNanos":0},
        {"fitValue":[{"value":{"fpVal":1}}],"originDataSourceId":"derived:com.google.step_count.delta:com.google.android.gms:estimated_steps","endTimeNanos":1629008400000000000,"dataTypeName":"com.google.heart_minutes","startTimeNanos":1629008340000000000,"modifiedTimeMillis":1629044359609,"rawTimestampNanos":0}
    ]
}