{
    "Data Source": "derived:com.google.distance.delta:com.google.android.fit:HUAWEI:FLA-LX2:85541c714df67400:top_level",
    "Data Points": [
        {"fitValue":[{"value":{"fpVal":22.595256805419922}}],"originDataSourceId":"raw:com.google.step_count.cumulative:HUAWEI:FLA-LX2:85541c714df67400:step counter","endTimeNanos":1628996826727925707,"dataTypeName":"com.google.distance.delta","startTimeNanos":1628996768817033008,"modifiedTimeMillis":1629044354500,"rawTimestampNanos":0},
        {"fitValue":[{"value":{"fpVal":57.115787506103516}}],"originDataSourceId":"raw:com.google.step_count.cumulative:HUAWEI:FLA-LX2:85541c714df67400:step counter","endTimeNanos":1628997505388752820,"dataTypeName":"com.google.distance.delta","startTimeNanos":1628997355361055314,"modifiedTimeMillis":1629044354500,"rawTimestampNanos":0},
        {"fitValue":[{"value":{"fpVal":91.63632202148438}}],"originDataSourceId":"raw:com.google.step_count.cumulative:HUAWEI:FLA-LX2:85541c714df67400:step counter","endTimeNanos":1628998397320919487,"dataTypeName":"com.google.distance.delta","startTimeNanos":1628998105320913343,"modifiedTimeMillis":1629044354500,"rawTimestampNanos":0},
        {"fitValue":[{"value":{"fpVal":61.50931167602539}}],"originDataSourceId":"raw:com.google.step_count.cumulative:HUAWEI:FLA-LX2:85541c714df67400:step counter","endTimeNanos":1628998598291311674,"dataTypeName":"com.google.distance.delta","startTimeNanos":1628998402291305530,"modifiedTimeMillis":1629044354500,"rawTimestampNanos":0},
        {"fitValue":[{"value":{"fpVal":32.530845642089844}}],"originDataSourceId":"raw:com.google.step_count.cumulative:HUAWEI:FLA-LX2:85541c714df67400:step counter","endTimeNanos":1628999593469478863,"dataTypeName":"com.google.distance.delta","startTimeNanos":1628999580851228341,"modifiedTimeMillis":1629044354500,"rawTimestampNanos":0},
        {"fitValue":[{"value":{"fpVal":66.92728424072266}}],"originDataSourceId":"raw:com.google.step_count.cumulative:HUAWEI:FLA-LX2:85541c714df67400:step counter","endTimeNanos":1628999654756795005,"dataTypeName":"com.google.distance.delta","startTimeNanos":1628999593469478863,"modifiedTimeMillis":1629044354500,"rawTimestampNanos":0},
        {"fitValue":[{"value":{"fpVal":1.8829381465911865}}],"originDataSourceId":"raw:com.google.step_count.cumulative:HUAWEI:FLA-LX2:85541c714df67400:step counter","endTimeNanos":1628999656924189275,"dataTypeName":"com.google.distance.delta","startTimeNanos":1628999654756795005,"modifiedTimeMillis":1629044354500,"rawTimestampNanos":0},
        {"fitValue":[{"value":{"fpVal":57.02883529663086}}],"originDataSourceId":"raw:com.google.step_count.cumulative:HUAWEI:FLA-LX2:85541c714df67400:step counter","endTimeNanos":1628999717342817926,"dataTypeName":"com.google.distance.delta","startTimeNanos":1628999656924189275,"modifiedTimeMillis":1629044354500,"rawTimestampNanos":0},
        {"fitValue":[{"value":{"fpVal":89.90528106689453}}],"originDataSourceId":"raw:com.google.step_count.cumulative:HUAWEI:FLA-LX2:85541c714df67400:step counter","endTimeNanos":1629000385387437194,"dataTypeName":"com.google.distance.delta","startTimeNanos":1629000283674039759,"modifiedTimeMillis":1629044354500,"rawTimestampNanos":0},
        {"fitValue":[{"value":{"fpVal":20.712318420410156}}],"originDataSourceId":"raw:com.google.step_count.cumulative:HUAWEI:FLA-LX2:85541c714df67400:step counter","endTimeNanos":1629002129218578611,"dataTypeName":"com.google.distance.delta","startTimeNanos":1629002063218575539,"modifiedTimeMillis":1629044354500,"rawTimestampNanos":0},
        {"fitValue":[{"value":{"fpVal":28.24407196044922}}],"originDataSourceId":"raw:com.google.step_count.cumulative:HUAWEI:FLA-LX2:85541c714df67400:step counter","endTimeNanos":1629002933250168963,"dataTypeName":"com.google.distance.delta","startTimeNanos":1629002843250169987,"modifiedTimeMillis":1629044354500,"rawTimestampNanos":0},
        {"fitValue":[{"value":{"fpVal":8.787044525146484}}],"originDataSourceId":"raw:com.google.step_count.cumulative:HUAWEI:FLA-LX2:85541c714df67400:step counter","endTimeNanos":1629002951273085106,"dataTypeName":"com.google.distance.delta","startTimeNanos":1629002933250168963,"modifiedTimeMillis":1629044354500,"rawTimestampNanos":0},
        {"fitValue":[{"value":{"fpVal":20.22187614440918}}],"originDataSourceId":"raw:com.google.step_count.cumulative:HUAWEI:FLA-LX2:85541c714df67400:step counter","endTimeNanos":1629003171510343406,"dataTypeName":"com.google.distance.delta","startTimeNanos":1629003164221630907,"modifiedTimeMillis":1629044354500,"rawTimestampNanos":0},
        {"fitValue":[{"value":{"fpVal":18.88395881652832}}],"originDataSourceId":"raw:com.google.step_count.cumulative:HUAWEI:FLA-LX2:85541c714df67400:step counter","endTimeNanos":1629006220429813755,"dataTypeName":"com.google.distance.delta","startTimeNanos":1629006211141664277,"modifiedTimeMillis":1629044354500,"rawTimestampNanos":0},
        {"fitValue":[{"value":{"fpVal":17.71290397644043}}],"originDataSourceId":"raw:com.google.step_count.cumulative:HUAWEI:FLA-LX2:85541c714df67400:step counter","endTimeNanos":1629006300015258545,"dataTypeName":"com.google.distance.delta","startTimeNanos":1629006286502137193,"modifiedTimeMillis":1629044354500,"rawTimestampNanos":0},
        {"fitValue":[{"value":{"fpVal":32.00994873046875}}],"originDataSourceId":"raw:com.google.step_count.cumulative:HUAWEI:FLA-LX2:85541c714df67400:step counter","endTimeNanos":1629006340655924175,"dataTypeName":"com.google.distance.delta","startTimeNanos":1629006300015258545,"modifiedTimeMillis":1629044354500,"rawTimestampNanos":0},
        {"fitValue":[{"value":{"fpVal":18.20173454284668}}],"originDataSourceId":"raw:com.google.step_count.cumulative:HUAWEI:FLA-LX2:85541c714df67400:step counter","endTimeNanos":1629006965818037100,"dataTypeName":"com.google.distance.delta","startTimeNanos":1629006905818037100,"modifiedTimeMillis":1629044354500,"rawTimestampNanos":0},
        {"fitValue":[{"value":{"fpVal":99.18858337402344}}],"originDataSourceId":"raw:com.google.step_count.cumulative:HUAWEI:FLA-LX2:85541c714df67400:step counter","endTimeNanos":1629008364817015012,"dataTypeName":"com.google.distance.delta","startTimeNanos":1629008290812865544,"modifiedTimeMillis":1629044354500,"rawTimestampNanos":0},
        {"fitValue":[{"value":{"fpVal":42.10078430175781}}],"originDataSourceId":"raw:com.google.step_count.cumulative:HUAWEI:FLA-LX2:85541c714df67400:step counter","endTimeNanos":1629008407817032713,"dataTypeName":"com.google.distance.delta","startTimeNanos":1629008364817015012,"modifiedTimeMillis":1629044354500,"rawTimestampNanos":0},
        {"fitValue":[{"value":{"fpVal":10.66998291015625}}],"originDataSourceId":"raw:com.google.step_count.cumulative:HUAWEI:FLA-LX2:85541c714df67400:step counter","endTimeNanos":1629015942205680522,"dataTypeName":"com.google.distance.delta","startTimeNanos":1629015925873513337,"modifiedTimeMillis":1629044354500,"rawTimestampNanos":0},
        {"fitValue":[{"value":{"fpVal":170.09207153320312}}],"originDataSourceId":"raw:com.google.step_count.cumulative:HUAWEI:FLA-LX2:85541c714df67400:step counter","endTimeNanos":1629016233735225217,"dataTypeName":"com.google.distance.delta","startTimeNanos":1629015942205680522,"modifiedTimeMillis":1629044354500,"rawTimestampNanos":0},
        {"fitValue":[{"value":{"fpVal":31.65163230895996}}],"originDataSourceId":"raw:com.google.step_count.cumulative:HUAWEI:FLA-LX2:85541c714df67400:step counter","endTimeNanos":1629016242939790320,"dataTypeName":"com.google.distance.delta","startTimeNanos":1629016233735225217,"modifiedTimeMillis":1629044354500,"rawTimestampNanos":0},
        {"fitValue":[{"value":{"fpVal":14.435858726501465}}],"originDataSourceId":"raw:com.google.step_count.cumulative:HUAWEI:FLA-LX2:85541c714df67400:step counter","endTimeNanos":1629016287915662716,"dataTypeName":"com.google.distance.delta","startTimeNanos":1629016242939790320,"modifiedTimeMillis":1629044354500,"rawTimestampNanos":0},
        {"fitValue":[{"value":{"fpVal":48.956390380859375}}],"originDataSourceId":"raw:com.google.step_count.cumulative:HUAWEI:FLA-LX2:85541c714df67400:step counter","endTimeNanos":1629016507444562196,"dataTypeName":"com.google.distance.delta","startTimeNanos":1629016351444568340,"modifiedTimeMillis":1629044354500,"rawTimestampNanos":0},
        {"fitValue":[{"value":{"fpVal":124.90155792236328}}],"originDataSourceId":"raw:com.google.step_count.cumulative:HUAWEI:FLA-LX2:85541c714df67400:step counter","endTimeNanos":1629016768213369489,"dataTypeName":"com.google.distance.delta","startTimeNanos":1629016507444562196,"modifiedTimeMillis":1629044354500,"rawTimestampNanos":0},
        {"fitValue":[{"value":{"fpVal":0.6276460289955139}}],"originDataSourceId":"raw:com.google.step_count.cumulative:HUAWEI:FLA-LX2:85541c714df67400:step counter","endTimeNanos":1629016770209520009,"dataTypeName":"com.google.distance.delta","startTimeNanos":1629016768213369489,"modifiedTimeMillis":1629044354500,"rawTimestampNanos":0},
        {"fitValue":[{"value":{"fpVal":55.23284912109375}}],"originDataSourceId":"raw:com.google.step_count.cumulative:HUAWEI:FLA-LX2:85541c714df67400:step counter","endTimeNanos":1629018740673000000,"dataTypeName":"com.google.distance.delta","startTimeNanos":1629018570479817651,"modifiedTimeMillis":1629044354500,"rawTimestampNanos":0},
        {"fitValue":[{"value":{"fpVal":44.5628662109375}}],"originDataSourceId":"raw:com.google.step_count.cumulative:HUAWEI:FLA-LX2:85541c714df67400:step counter","endTimeNanos":1629020489449456467,"dataTypeName":"com.google.distance.delta","startTimeNanos":1629020437806339800,"modifiedTimeMillis":1629044354500,"rawTimestampNanos":0},
        {"fitValue":[{"value":{"fpVal":234.73960876464844}}],"originDataSourceId":"raw:com.google.step_count.cumulative:HUAWEI:FLA-LX2:85541c714df67400:step counter","endTimeNanos":1629023188346807508,"dataTypeName":"com.google.distance.delta","startTimeNanos":1629022440346821844,"modifiedTimeMillis":1629044354500,"rawTimestampNanos":0},
        {"fitValue":[{"value":{"fpVal":18.82938003540039}}],"originDataSourceId":"raw:com.google.step_count.cumulative:HUAWEI:FLA-LX2:85541c714df67400:step counter","endTimeNanos":1629031411742834052,"dataTypeName":"com.google.distance.delta","startTimeNanos":1629031351742832004,"modifiedTimeMillis":1629044354500,"rawTimestampNanos":0},
        {"fitValue":[{"value":{"fpVal":15.063505172729492}}],"originDataSourceId":"raw:com.google.step_count.cumulative:HUAWEI:FLA-LX2:85541c714df67400:step counter","endTimeNanos":1629033247826690022,"dataTypeName":"com.google.distance.delta","startTimeNanos":1629033187826690022,"modifiedTimeMillis":1629044354500,"rawTimestampNanos":0},
        {"fitValue":[{"value":{"fpVal":19.457027435302734}}],"originDataSourceId":"raw:com.google.step_count.cumulative:HUAWEI:FLA-LX2:85541c714df67400:step counter","endTimeNanos":1629033950454753978,"dataTypeName":"com.google.distance.delta","startTimeNanos":1629033888454752954,"modifiedTimeMillis":1629044354500,"rawTimestampNanos":0},
        {"fitValue":[{"value":{"fpVal":26.361133575439453}}],"originDataSourceId":"raw:com.google.step_count.cumulative:HUAWEI:FLA-LX2:85541c714df67400:step counter","endTimeNanos":1629041883881000000,"dataTypeName":"com.google.distance.delta","startTimeNanos":1629041799881002048,"modifiedTimeMillis":1629044354500,"rawTimestampNanos":0},
        {"fitValue":[{"value":{"fpVal":63.392250061035156}}],"originDataSourceId":"raw:com.google.step_count.cumulative:HUAWEI:FLA-LX2:85541c714df67400:step counter","endTimeNanos":1629044144929324168,"dataTypeName":"com.google.distance.delta","startTimeNanos":1629043942929317000,"modifiedTimeMillis":1629044354500,"rawTimestampNanos":0},
        {"fitValue":[{"value":{"fpVal":16.946443557739258}}],"originDataSourceId":"raw:com.google.step_count.cumulative:HUAWEI:FLA-LX2:85541c714df67400:step counter","endTimeNanos":1629079380713000000,"dataTypeName":"com.google.distance.delta","startTimeNanos":1629079320713000000,"modifiedTimeMillis":1629098778903,"rawTimestampNanos":0},
        {"fitValue":[{"value":{"fpVal":57.74343490600586}}],"originDataSourceId":"raw:com.google.step_count.cumulative:HUAWEI:FLA-LX2:85541c714df67400:step counter","endTimeNanos":1629083357323000000,"dataTypeName":"com.google.distance.delta","startTimeNanos":1629083173322995904,"modifiedTimeMillis":1629098778903,"rawTimestampNanos":0},
        {"fitValue":[{"value":{"fpVal":3.765876293182373}}],"originDataSourceId":"raw:com.google.step_count.cumulative:HUAWEI:FLA-LX2:85541c714df67400:step counter","endTimeNanos":1629083366228000000,"dataTypeName":"com.google.distance.delta","startTimeNanos":1629083357323000000,"modifiedTimeMillis":1629098778903,"rawTimestampNanos":0},
        {"fitValue":[{"value":{"fpVal":168.83677673339844}}],"originDataSourceId":"raw:com.google.step_count.cumulative:HUAWEI:FLA-LX2:85541c714df67400:step counter","endTimeNanos":1629086854537000000,"dataTypeName":"com.google.distance.delta","startTimeNanos":1629086316537001024,"modifiedTimeMillis":1629098778903,"rawTimestampNanos":0},
        {"fitValue":[{"value":{"fpVal":171.3473663330078}}],"originDataSourceId":"raw:com.google.step_count.cumulative:HUAWEI:FLA-LX2:85541c714df67400:step counter","endTimeNanos":1629095759938000000,"dataTypeName":"com.google.distance.delta","startTimeNanos":1629095213937955968,"modifiedTimeMillis":1629098778903,"rawTimestampNanos":0},
        {"fitValue":[{"value":{"fpVal":20.084672927856445}}],"originDataSourceId":"raw:com.google.step_count.cumulative:HUAWEI:FLA-LX2:85541c714df67400:step counter","endTimeNanos":1629096774177000000,"dataTypeName":"com.google.distance.delta","startTimeNanos":1629096710176995904,"modifiedTimeMillis":1629098778903,"rawTimestampNanos":0},
        {"fitValue":[{"value":{"fpVal":43.998313903808594}}],"originDataSourceId":"raw:com.google.step_count.cumulative:HUAWEI:FLA-LX2:85541c714df67400:step counter","endTimeNanos":1629096814993000000,"dataTypeName":"com.google.distance.delta","startTimeNanos":1629096774177000000,"modifiedTimeMillis":1629098778903,"rawTimestampNanos":0},
        {"fitValue":[{"value":{"fpVal":14.067392349243164}}],"originDataSourceId":"raw:com.google.step_count.cumulative:HUAWEI:FLA-LX2:85541c714df67400:step counter","endTimeNanos":1629097303207000000,"dataTypeName":"com.google.distance.delta","startTimeNanos":1629097299222000000,"modifiedTimeMillis":1629098778903,"rawTimestampNanos":0},
        {"fitValue":[{"value":{"fpVal":37.0311164855957}}],"originDataSourceId":"raw:com.google.step_count.cumulative:HUAWEI:FLA-LX2:85541c714df67400:step counter","endTimeNanos":1629097996462000000,"dataTypeName":"com.google.distance.delta","startTimeNanos":1629097878461990784,"modifiedTimeMillis":1629098778903,"rawTimestampNanos":0},
        {"fitValue":[{"value":{"fpVal":16.946443557739258}}],"originDataSourceId":"raw:com.google.step_count.cumulative:HUAWEI:FLA-LX2:85541c714df67400:step counter","endTimeNanos":1629098057842000000,"dataTypeName":"com.google.distance.delta","startTimeNanos":1629097997842000000,"modifiedTimeMillis":1629098778903,"rawTimestampNanos":0},
        {"fitValue":[{"value":{"fpVal":1.2552920579910278}}],"originDataSourceId":"raw:com.google.step_count.cumulative:HUAWEI:FLA-LX2:85541c714df67400:step counter","endTimeNanos":1629098059352000000,"dataTypeName":"com.google.distance.delta","startTimeNanos":1629098057842000000,"modifiedTimeMillis":1629098778903,"rawTimestampNanos":0},
        {"fitValue":[{"value":{"fpVal":28.87171745300293}}],"originDataSourceId":"raw:com.google.step_count.cumulative:HUAWEI:FLA-LX2:85541c714df67400:step counter","endTimeNanos":1629105857140000000,"dataTypeName":"com.google.distance.delta","startTimeNanos":1629105776109000000,"modifiedTimeMillis":1629142854966,"rawTimestampNanos":0},
        {"fitValue":[{"value":{"fpVal":146.86917114257812}}],"originDataSourceId":"raw:com.google.step_count.cumulative:HUAWEI:FLA-LX2:85541c714df67400:step counter","endTimeNanos":1629106235411000000,"dataTypeName":"com.google.distance.delta","startTimeNanos":1629106039759000000,"modifiedTimeMillis":1629142854966,"rawTimestampNanos":0},
        {"fitValue":[{"value":{"fpVal":8.787044525146484}}],"originDataSourceId":"raw:com.google.step_count.cumulative:HUAWEI:FLA-LX2:85541c714df67400:step counter","endTimeNanos":1629106246712000000,"dataTypeName":"com.google.distance.delta","startTimeNanos":1629106235411000000,"modifiedTimeMillis":1629142854966,"rawTimestampNanos":0},
        {"fitValue":[{"value":{"fpVal":10.955283164978027}}],"originDataSourceId":"raw:com.google.step_count.cumulative:HUAWEI:FLA-LX2:85541c714df67400:step counter","endTimeNanos":1629108434549000000,"dataTypeName":"com.google.distance.delta","startTimeNanos":1629108429543000000,"modifiedTimeMillis":1629142854966,"rawTimestampNanos":0},
        {"fitValue":[{"value":{"fpVal":78.43441772460938}}],"originDataSourceId":"raw:com.google.step_count.cumulative:HUAWEI:FLA-LX2:85541c714df67400:step counter","endTimeNanos":1629112046559000000,"dataTypeName":"com.google.distance.delta","startTimeNanos":1629111966664000000,"modifiedTimeMillis":1629142854966,"rawTimestampNanos":0},
        {"fitValue":[{"value":{"fpVal":44.15176010131836}}],"originDataSourceId":"raw:com.google.step_count.cumulative:HUAWEI:FLA-LX2:85541c714df67400:step counter","endTimeNanos":1629112087051000000,"dataTypeName":"com.google.distance.delta","startTimeNanos":1629112046559000000,"modifiedTimeMillis":1629142854966,"rawTimestampNanos":0},
        {"fitValue":[{"value":{"fpVal":43.423370361328125}}],"originDataSourceId":"raw:com.google.step_count.cumulative:HUAWEI:FLA-LX2:85541c714df67400:step counter","endTimeNanos":1629112131308000000,"dataTypeName":"com.google.distance.delta","startTimeNanos":1629112087051000000,"modifiedTimeMillis":1629142854966,"rawTimestampNanos":0},
        {"fitValue":[{"value":{"fpVal":137.45448303222656}}],"originDataSourceId":"raw:com.google.step_count.cumulative:HUAWEI:FLA-LX2:85541c714df67400:step counter","endTimeNanos":1629112318861000000,"dataTypeName":"com.google.distance.delta","startTimeNanos":1629112131308000000,"modifiedTimeMillis":1629142854966,"rawTimestampNanos":0},
        {"fitValue":[{"value":{"fpVal":72.80693817138672}}],"originDataSourceId":"raw:com.google.step_count.cumulative:HUAWEI:FLA-LX2:85541c714df67400:step counter","endTimeNanos":1629122124882677599,"dataTypeName":"com.google.distance.delta","startTimeNanos":1629122027295000000,"modifiedTimeMillis":1629142854966,"rawTimestampNanos":0},
        {"fitValue":[{"value":{"fpVal":39.54169845581055}}],"originDataSourceId":"raw:com.google.step_count.cumulative:HUAWEI:FLA-LX2:85541c714df67400:step counter","endTimeNanos":1629122255296489575,"dataTypeName":"com.google.distance.delta","startTimeNanos":1629122129296492647,"modifiedTimeMillis":1629142854966,"rawTimestampNanos":0},
        {"fitValue":[{"value":{"fpVal":176.3685302734375}}],"originDataSourceId":"raw:com.google.step_count.cumulative:HUAWEI:FLA-LX2:85541c714df67400:step counter","endTimeNanos":1629124767332000000,"dataTypeName":"com.google.distance.delta","startTimeNanos":1629124287451876041,"modifiedTimeMillis":1629142854966,"rawTimestampNanos":0},
        {"fitValue":[{"value":{"fpVal":38.91405487060547}}],"originDataSourceId":"raw:com.google.step_count.cumulative:HUAWEI:FLA-LX2:85541c714df67400:step counter","endTimeNanos":1629125442151719789,"dataTypeName":"com.google.distance.delta","startTimeNanos":1629125318151717741,"modifiedTimeMillis":1629142854966,"rawTimestampNanos":0},
        {"fitValue":[{"value":{"fpVal":31.382301330566406}}],"originDataSourceId":"raw:com.google.step_count.cumulative:HUAWEI:FLA-LX2:85541c714df67400:step counter","endTimeNanos":1629125527021000000,"dataTypeName":"com.google.distance.delta","startTimeNanos":1629125442151719789,"modifiedTimeMillis":1629142854966,"rawTimestampNanos":0},
        {"fitValue":[{"value":{"fpVal":51.466976165771484}}],"originDataSourceId":"raw:com.google.step_count.cumulative:HUAWEI:FLA-LX2:85541c714df67400:step counter","endTimeNanos":1629127683498000000,"dataTypeName":"com.google.distance.delta","startTimeNanos":1629127519497993856,"modifiedTimeMillis":1629142854966,"rawTimestampNanos":0}
    ]
}