{
    "Data Source": "derived:com.google.active_minutes:com.google.android.fit:HUAWEI:FLA-LX2:85541c714df67400:top_level",
    "Data Points": [
        {"fitValue":[{"value":{"intVal":1}}],"originDataSourceId":"derived:com.google.step_count.delta:com.google.android.gms:estimated_steps","endTimeNanos":1628996820000000000,"dataTypeName":"com.google.active_minutes","startTimeNanos":1628996760000000000,"modifiedTimeMillis":1629044354607,"rawTimestampNanos":0},
        {"fitValue":[{"value":{"intVal":1}}],"originDataSourceId":"derived:com.google.step_count.delta:com.google.android.gms:estimated_steps","endTimeNanos":1628997420000000000,"dataTypeName":"com.google.active_minutes","startTimeNanos":1628997360000000000,"modifiedTimeMillis":1629044354607,"rawTimestampNanos":0},
        {"fitValue":[{"value":{"intVal":1}}],"originDataSourceId":"derived:com.google.step_count.delta:com.google.android.gms:estimated_steps","endTimeNanos":1628997480000000000,"dataTypeName":"com.google.active_minutes","startTimeNanos":1628997420000000000,"modifiedTimeMillis":1629044354607,"rawTimestampNanos":0},
        {"fitValue":[{"value":{"intVal":1}}],"originDataSourceId":"derived:com.google.step_count.delta:com.google.android.gms:estimated_steps","endTimeNanos":1628998200000000000,"dataTypeName":"com.google.active_minutes","startTimeNanos":1628998140000000000,"modifiedTimeMillis":1629044354607,"rawTimestampNanos":0},
        {"fitValue":[{"value":{"intVal":1}}],"originDataSourceId":"derived:com.google.step_count.delta:com.google.android.gms:estimated_steps","endTimeNanos":1628998260000000000,"dataTypeName":"com.google.active_minutes","startTimeNanos":1628998200000000000,"modifiedTimeMillis":1629044354607,"rawTimestampNanos":0},
        {"fitValue":[{"value":{"intVal":1}}],"originDataSourceId":"derived:com.google.step_count.delta:com.google.android.gms:estimated_steps","endTimeNanos":1628998320000000000,"dataTypeName":"com.google.active_minutes","startTimeNanos":1628998260000000000,"modifiedTimeMillis":1629044354607,"rawTimestampNanos":0},
        {"fitValue":[{"value":{"intVal":1}}],"originDataSourceId":"derived:com.google.step_count.delta:com.google.android.gms:estimated_steps","endTimeNanos":1628998380000000000,"dataTypeName":"com.google.active_minutes","startTimeNanos":1628998320000000000,"modifiedTimeMillis":1629044354607,"rawTimestampNanos":0},
        {"fitValue":[{"value":{"intVal":1}}],"originDataSourceId":"derived:com.google.step_count.delta:com.google.android.gms:estimated_steps","endTimeNanos":1628998500000000000,"dataTypeName":"com.google.active_minutes","startTimeNanos":1628998440000000000,"modifiedTimeMillis":1629044354607,"rawTimestampNanos":0},
        {"fitValue":[{"value":{"intVal":1}}],"originDataSourceId":"derived:com.google.step_count.delta:com.google.android.gms:estimated_steps","endTimeNanos":1628998560000000000,"dataTypeName":"com.google.active_minutes","startTimeNanos":1628998500000000000,"modifiedTimeMillis":1629044354607,"rawTimestampNanos":0},
        {"fitValue":[{"value":{"intVal":1}}],"originDataSourceId":"derived:com.google.step_count.delta:com.google.android.gms:estimated_steps","endTimeNanos":1628999640000000000,"dataTypeName":"com.google.active_minutes","startTimeNanos":1628999580000000000,"modifiedTimeMillis":1629044354607,"rawTimestampNanos":0},
        {"fitValue":[{"value":{"intVal":1}}],"originDataSourceId":"derived:com.google.step_count.delta:com.google.android.gms:estimated_steps","endTimeNanos":1628999700000000000,"dataTypeName":"com.google.active_minutes","startTimeNanos":1628999640000000000,"modifiedTimeMillis":1629044354607,"rawTimestampNanos":0},
        {"fitValue":[{"value":{"intVal":1}}],"originDataSourceId":"derived:com.google.step_count.delta:com.google.android.gms:estimated_steps","endTimeNanos":1629000360000000000,"dataTypeName":"com.google.active_minutes","startTimeNanos":1629000300000000000,"modifiedTimeMillis":1629044354607,"rawTimestampNanos":0},
        {"fitValue":[{"value":{"intVal":1}}],"originDataSourceId":"derived:com.google.step_count.delta:com.google.android.gms:estimated_steps","endTimeNanos":1629000420000000000,"dataTypeName":"com.google.active_minutes","startTimeNanos":1629000360000000000,"modifiedTimeMillis":1629044354607,"rawTimestampNanos":0},
        {"fitValue":[{"value":{"intVal":1}}],"originDataSourceId":"derived:com.google.step_count.delta:com.google.android.gms:estimated_steps","endTimeNanos":1629002940000000000,"dataTypeName":"com.google.active_minutes","startTimeNanos":1629002880000000000,"modifiedTimeMillis":1629044354607,"rawTimestampNanos":0},
        {"fitValue":[{"value":{"intVal":1}}],"originDataSourceId":"derived:com.google.step_count.delta:com.google.android.gms:estimated_steps","endTimeNanos":1629003180000000000,"dataTypeName":"com.google.active_minutes","startTimeNanos":1629003120000000000,"modifiedTimeMillis":1629044354607,"rawTimestampNanos":0},
        {"fitValue":[{"value":{"intVal":1}}],"originDataSourceId":"derived:com.google.step_count.delta:com.google.android.gms:estimated_steps","endTimeNanos":1629006300000000000,"dataTypeName":"com.google.active_minutes","startTimeNanos":1629006240000000000,"modifiedTimeMillis":1629044354607,"rawTimestampNanos":0},
        {"fitValue":[{"value":{"intVal":1}}],"originDataSourceId":"derived:com.google.step_count.delta:com.google.android.gms:estimated_steps","endTimeNanos":1629006360000000000,"dataTypeName":"com.google.active_minutes","startTimeNanos":1629006300000000000,"modifiedTimeMillis":1629044354607,"rawTimestampNanos":0},
        {"fitValue":[{"value":{"intVal":1}}],"originDataSourceId":"derived:com.google.step_count.delta:com.google.android.gms:estimated_steps","endTimeNanos":1629008340000000000,"dataTypeName":"com.google.active_minutes","startTimeNanos":1629008280000000000,"modifiedTimeMillis":1629044354607,"rawTimestampNanos":0},
        {"fitValue":[{"value":{"intVal":1}}],"originDataSourceId":"derived:com.google.step_count.delta:com.google.android.gms:estimated_steps","endTimeNanos":1629008400000000000,"dataTypeName":"com.google.active_minutes","startTimeNanos":1629008340000000000,"modifiedTimeMillis":1629044354607,"rawTimestampNanos":0},
        {"fitValue":[{"value":{"intVal":1}}],"originDataSourceId":"derived:com.google.step_count.delta:com.google.android.gms:estimated_steps","endTimeNanos":1629016020000000000,"dataTypeName":"com.google.active_minutes","startTimeNanos":1629015960000000000,"modifiedTimeMillis":1629044354607,"rawTimestampNanos":0},
        {"fitValue":[{"value":{"intVal":1}}],"originDataSourceId":"derived:com.google.step_count.delta:com.google.android.gms:estimated_steps","endTimeNanos":1629016080000000000,"dataTypeName":"com.google.active_minutes","startTimeNanos":1629016020000000000,"modifiedTimeMillis":1629044354607,"rawTimestampNanos":0},
        {"fitValue":[{"value":{"intVal":1}}],"originDataSourceId":"derived:com.google.step_count.delta:com.google.android.gms:estimated_steps","endTimeNanos":1629016140000000000,"dataTypeName":"com.google.active_minutes","startTimeNanos":1629016080000000000,"modifiedTimeMillis":1629044354607,"rawTimestampNanos":0},
        {"fitValue":[{"value":{"intVal":1}}],"originDataSourceId":"derived:com.google.step_count.delta:com.google.android.gms:estimated_steps","endTimeNanos":1629016200000000000,"dataTypeName":"com.google.active_minutes","startTimeNanos":1629016140000000000,"modifiedTimeMillis":1629044354607,"rawTimestampNanos":0},
        {"fitValue":[{"value":{"intVal":1}}],"originDataSourceId":"derived:com.google.step_count.delta:com.google.android.gms:estimated_steps","endTimeNanos":1629016260000000000,"dataTypeName":"com.google.active_minutes","startTimeNanos":1629016200000000000,"modifiedTimeMillis":1629044354607,"rawTimestampNanos":0},
        {"fitValue":[{"value":{"intVal":1}}],"originDataSourceId":"derived:com.google.step_count.delta:com.google.android.gms:estimated_steps","endTimeNanos":1629016440000000000,"dataTypeName":"com.google.active_minutes","startTimeNanos":1629016380000000000,"modifiedTimeMillis":1629044354607,"rawTimestampNanos":0},
        {"fitValue":[{"value":{"intVal":1}}],"originDataSourceId":"derived:com.google.step_count.delta:com.google.android.gms:estimated_steps","endTimeNanos":1629016500000000000,"dataTypeName":"com.google.active_minutes","startTimeNanos":1629016440000000000,"modifiedTimeMillis":1629044354607,"rawTimestampNanos":0},
        {"fitValue":[{"value":{"intVal":1}}],"originDataSourceId":"derived:com.google.step_count.delta:com.google.android.gms:estimated_steps","endTimeNanos":1629016560000000000,"dataTypeName":"com.google.active_minutes","startTimeNanos":1629016500000000000,"modifiedTimeMillis":1629044354607,"rawTimestampNanos":0},
        {"fitValue":[{"value":{"intVal":1}}],"originDataSourceId":"derived:com.google.step_count.delta:com.google.android.gms:estimated_steps","endTimeNanos":1629016620000000000,"dataTypeName":"com.google.active_minutes","startTimeNanos":1629016560000000000,"modifiedTimeMillis":1629044354607,"rawTimestampNanos":0},
        {"fitValue":[{"value":{"intVal":1}}],"originDataSourceId":"derived:com.google.step_count.delta:com.google.android.gms:estimated_steps","endTimeNanos":1629016680000000000,"dataTypeName":"com.google.active_minutes","startTimeNanos":1629016620000000000,"modifiedTimeMillis":1629044354607,"rawTimestampNanos":0},
        {"fitValue":[{"value":{"intVal":1}}],"originDataSourceId":"derived:com.google.step_count.delta:com.google.android.gms:estimated_steps","endTimeNanos":1629016740000000000,"dataTypeName":"com.google.active_minutes","startTimeNanos":1629016680000000000,"modifiedTimeMillis":1629044354607,"rawTimestampNanos":0},
        {"fitValue":[{"value":{"intVal":1}}],"originDataSourceId":"derived:com.google.step_count.delta:com.google.android.gms:estimated_steps","endTimeNanos":1629018660000000000,"dataTypeName":"com.google.active_minutes","startTimeNanos":1629018600000000000,"modifiedTimeMillis":1629044354607,"rawTimestampNanos":0},
        {"fitValue":[{"value":{"intVal":1}}],"originDataSourceId":"derived:com.google.step_count.delta:com.google.android.gms:estimated_steps","endTimeNanos":1629018720000000000,"dataTypeName":"com.google.active_minutes","startTimeNanos":1629018660000000000,"modifiedTimeMillis":1629044354607,"rawTimestampNanos":0},
        {"fitValue":[{"value":{"intVal":1}}],"originDataSourceId":"derived:com.google.step_count.delta:com.google.android.gms:estimated_steps","endTimeNanos":1629020460000000000,"dataTypeName":"com.google.active_minutes","startTimeNanos":1629020400000000000,"modifiedTimeMillis":1629044354607,"rawTimestampNanos":0},
        {"fitValue":[{"value":{"intVal":1}}],"originDataSourceId":"derived:com.google.step_count.delta:com.google.android.gms:estimated_steps","endTimeNanos":1629020520000000000,"dataTypeName":"com.google.active_minutes","startTimeNanos":1629020460000000000,"modifiedTimeMillis":1629044354607,"rawTimestampNanos":0},
        {"fitValue":[{"value":{"intVal":1}}],"originDataSourceId":"derived:com.google.step_count.delta:com.google.android.gms:estimated_steps","endTimeNanos":1629022500000000000,"dataTypeName":"com.google.active_minutes","startTimeNanos":1629022440000000000,"modifiedTimeMillis":1629044354607,"rawTimestampNanos":0},
        {"fitValue":[{"value":{"intVal":1}}],"originDataSourceId":"derived:com.google.step_count.delta:com.google.android.gms:estimated_steps","endTimeNanos":1629022560000000000,"dataTypeName":"com.google.active_minutes","startTimeNanos":1629022500000000000,"modifiedTimeMillis":1629044354607,"rawTimestampNanos":0},
        {"fitValue":[{"value":{"intVal":1}}],"originDataSourceId":"derived:com.google.step_count.delta:com.google.android.gms:estimated_steps","endTimeNanos":1629022620000000000,"dataTypeName":"com.google.active_minutes","startTimeNanos":1629022560000000000,"modifiedTimeMillis":1629044354607,"rawTimestampNanos":0},
        {"fitValue":[{"value":{"intVal":1}}],"originDataSourceId":"derived:com.google.step_count.delta:com.google.android.gms:estimated_steps","endTimeNanos":1629022680000000000,"dataTypeName":"com.google.active_minutes","startTimeNanos":1629022620000000000,"modifiedTimeMillis":1629044354607,"rawTimestampNanos":0},
        {"fitValue":[{"value":{"intVal":1}}],"originDataSourceId":"derived:com.google.step_count.delta:com.google.android.gms:estimated_steps","endTimeNanos":1629022740000000000,"dataTypeName":"com.google.active_minutes","startTimeNanos":1629022680000000000,"modifiedTimeMillis":1629044354607,"rawTimestampNanos":0},
        {"fitValue":[{"value":{"intVal":1}}],"originDataSourceId":"derived:com.google.step_count.delta:com.google.android.gms:estimated_steps","endTimeNanos":1629022800000000000,"dataTypeName":"com.google.active_minutes","startTimeNanos":1629022740000000000,"modifiedTimeMillis":1629044354607,"rawTimestampNanos":0},
        {"fitValue":[{"value":{"intVal":1}}],"originDataSourceId":"derived:com.google.step_count.delta:com.google.android.gms:estimated_steps","endTimeNanos":1629022860000000000,"dataTypeName":"com.google.active_minutes","startTimeNanos":1629022800000000000,"modifiedTimeMillis":1629044354607,"rawTimestampNanos":0},
        {"fitValue":[{"value":{"intVal":1}}],"originDataSourceId":"derived:com.google.step_count.delta:com.google.android.gms:estimated_steps","endTimeNanos":1629022920000000000,"dataTypeName":"com.google.active_minutes","startTimeNanos":1629022860000000000,"modifiedTimeMillis":1629044354607,"rawTimestampNanos":0},
        {"fitValue":[{"value":{"intVal":1}}],"originDataSourceId":"derived:com.google.step_count.delta:com.google.android.gms:estimated_steps","endTimeNanos":1629022980000000000,"dataTypeName":"com.google.active_minutes","startTimeNanos":1629022920000000000,"modifiedTimeMillis":1629044354607,"rawTimestampNanos":0},
        {"fitValue":[{"value":{"intVal":1}}],"originDataSourceId":"derived:com.google.step_count.delta:com.google.android.gms:estimated_steps","endTimeNanos":1629023040000000000,"dataTypeName":"com.google.active_minutes","startTimeNanos":1629022980000000000,"modifiedTimeMillis":1629044354607,"rawTimestampNanos":0},
        {"fitValue":[{"value":{"intVal":1}}],"originDataSourceId":"derived:com.google.step_count.delta:com.google.android.gms:estimated_steps","endTimeNanos":1629023100000000000,"dataTypeName":"com.google.active_minutes","startTimeNanos":1629023040000000000,"modifiedTimeMillis":1629044354607,"rawTimestampNanos":0},
        {"fitValue":[{"value":{"intVal":1}}],"originDataSourceId":"derived:com.google.step_count.delta:com.google.android.gms:estimated_steps","endTimeNanos":1629023160000000000,"dataTypeName":"com.google.active_minutes","startTimeNanos":1629023100000000000,"modifiedTimeMillis":1629044354607,"rawTimestampNanos":0},
        {"fitValue":[{"value":{"intVal":1}}],"originDataSourceId":"derived:com.google.step_count.delta:com.google.android.gms:estimated_steps","endTimeNanos":1629041880000000000,"dataTypeName":"com.google.active_minutes","startTimeNanos":1629041820000000000,"modifiedTimeMillis":1629044354607,"rawTimestampNanos":0},
        {"fitValue":[{"value":{"intVal":1}}],"originDataSourceId":"derived:com.google.step_count.delta:com.google.android.gms:estimated_steps","endTimeNanos":1629044040000000000,"dataTypeName":"com.google.active_minutes","startTimeNanos":1629043980000000000,"modifiedTimeMillis":1629044354607,"rawTimestampNanos":0},
        {"fitValue":[{"value":{"intVal":1}}],"originDataSourceId":"derived:com.google.step_count.delta:com.google.android.gms:estimated_steps","endTimeNanos":1629044100000000000,"dataTypeName":"com.google.active_minutes","startTimeNanos":1629044040000000000,"modifiedTimeMillis":1629044354607,"rawTimestampNanos":0},
        {"fitValue":[{"value":{"intVal":1}}],"originDataSourceId":"derived:com.google.step_count.delta:com.google.android.gms:estimated_steps","endTimeNanos":1629083280000000000,"dataTypeName":"com.google.active_minutes","startTimeNanos":1629083220000000000,"modifiedTimeMillis":1629098778968,"rawTimestampNanos":0},
        {"fitValue":[{"value":{"intVal":1}}],"originDataSourceId":"derived:com.google.step_count.delta:com.google.android.gms:estimated_steps","endTimeNanos":1629083340000000000,"dataTypeName":"com.google.active_minutes","startTimeNanos":1629083280000000000,"modifiedTimeMillis":1629098778968,"rawTimestampNanos":0},
        {"fitValue":[{"value":{"intVal":1}}],"originDataSourceId":"derived:com.google.step_count.delta:com.google.android.gms:estimated_steps","endTimeNanos":1629086400000000000,"dataTypeName":"com.google.active_minutes","startTimeNanos":1629086340000000000,"modifiedTimeMillis":1629098778968,"rawTimestampNanos":0},
        {"fitValue":[{"value":{"intVal":1}}],"originDataSourceId":"derived:com.google.step_count.delta:com.google.android.gms:estimated_steps","endTimeNanos":1629086460000000000,"dataTypeName":"com.google.active_minutes","startTimeNanos":1629086400000000000,"modifiedTimeMillis":1629098778968,"rawTimestampNanos":0},
        {"fitValue":[{"value":{"intVal":1}}],"originDataSourceId":"derived:com.google.step_count.delta:com.google.android.gms:estimated_steps","endTimeNanos":1629086520000000000,"dataTypeName":"com.google.active_minutes","startTimeNanos":1629086460000000000,"modifiedTimeMillis":1629098778968,"rawTimestampNanos":0},
        {"fitValue":[{"value":{"intVal":1}}],"originDataSourceId":"derived:com.google.step_count.delta:com.google.android.gms:estimated_steps","endTimeNanos":1629086580000000000,"dataTypeName":"com.google.active_minutes","startTimeNanos":1629086520000000000,"modifiedTimeMillis":1629098778968,"rawTimestampNanos":0},
        {"fitValue":[{"value":{"intVal":1}}],"originDataSourceId":"derived:com.google.step_count.delta:com.google.android.gms:estimated_steps","endTimeNanos":1629086640000000000,"dataTypeName":"com.google.active_minutes","startTimeNanos":1629086580000000000,"modifiedTimeMillis":1629098778968,"rawTimestampNanos":0},
        {"fitValue":[{"value":{"intVal":1}}],"originDataSourceId":"derived:com.google.step_count.delta:com.google.android.gms:estimated_steps","endTimeNanos":1629086700000000000,"dataTypeName":"com.google.active_minutes","startTimeNanos":1629086640000000000,"modifiedTimeMillis":1629098778968,"rawTimestampNanos":0},
        {"fitValue":[{"value":{"intVal":1}}],"originDataSourceId":"derived:com.google.step_count.delta:com.google.android.gms:estimated_steps","endTimeNanos":1629086760000000000,"dataTypeName":"com.google.active_minutes","startTimeNanos":1629086700000000000,"modifiedTimeMillis":1629098778968,"rawTimestampNanos":0},
        {"fitValue":[{"value":{"intVal":1}}],"originDataSourceId":"derived:com.google.step_count.delta:com.google.android.gms:estimated_steps","endTimeNanos":1629086820000000000,"dataTypeName":"com.google.active_minutes","startTimeNanos":1629086760000000000,"modifiedTimeMillis":1629098778968,"rawTimestampNanos":0},
        {"fitValue":[{"value":{"intVal":1}}],"originDataSourceId":"derived:com.google.step_count.delta:com.google.android.gms:estimated_steps","endTimeNanos":1629095280000000000,"dataTypeName":"com.google.active_minutes","startTimeNanos":1629095220000000000,"modifiedTimeMillis":1629098778968,"rawTimestampNanos":0},
        {"fitValue":[{"value":{"intVal":1}}],"originDataSourceId":"derived:com.google.step_count.delta:com.google.android.gms:estimated_steps","endTimeNanos":1629095340000000000,"dataTypeName":"com.google.active_minutes","startTimeNanos":1629095280000000000,"modifiedTimeMillis":1629098778968,"rawTimestampNanos":0},
        {"fitValue":[{"value":{"intVal":1}}],"originDataSourceId":"derived:com.google.step_count.delta:com.google.android.gms:estimated_steps","endTimeNanos":1629095400000000000,"dataTypeName":"com.google.active_minutes","startTimeNanos":1629095340000000000,"modifiedTimeMillis":1629098778968,"rawTimestampNanos":0},
        {"fitValue":[{"value":{"intVal":1}}],"originDataSourceId":"derived:com.google.step_count.delta:com.google.android.gms:estimated_steps","endTimeNanos":1629095460000000000,"dataTypeName":"com.google.active_minutes","startTimeNanos":1629095400000000000,"modifiedTimeMillis":1629098778968,"rawTimestampNanos":0},
        {"fitValue":[{"value":{"intVal":1}}],"originDataSourceId":"derived:com.google.step_count.delta:com.google.android.gms:estimated_steps","endTimeNanos":1629095520000000000,"dataTypeName":"com.google.active_minutes","startTimeNanos":1629095460000000000,"modifiedTimeMillis":1629098778968,"rawTimestampNanos":0},
        {"fitValue":[{"value":{"intVal":1}}],"originDataSourceId":"derived:com.google.step_count.delta:com.google.android.gms:estimated_steps","endTimeNanos":1629095580000000000,"dataTypeName":"com.google.active_minutes","startTimeNanos":1629095520000000000,"modifiedTimeMillis":1629098778968,"rawTimestampNanos":0},
        {"fitValue":[{"value":{"intVal":1}}],"originDataSourceId":"derived:com.google.step_count.delta:com.google.android.gms:estimated_steps","endTimeNanos":1629095640000000000,"dataTypeName":"com.google.active_minutes","startTimeNanos":1629095580000000000,"modifiedTimeMillis":1629098778968,"rawTimestampNanos":0},
        {"fitValue":[{"value":{"intVal":1}}],"originDataSourceId":"derived:com.google.step_count.delta:com.google.android.gms:estimated_steps","endTimeNanos":1629095700000000000,"dataTypeName":"com.google.active_minutes","startTimeNanos":1629095640000000000,"modifiedTimeMillis":1629098778968,"rawTimestampNanos":0},
        {"fitValue":[{"value":{"intVal":1}}],"originDataSourceId":"derived:com.google.step_count.delta:com.google.android.gms:estimated_steps","endTimeNanos":1629095760000000000,"dataTypeName":"com.google.active_minutes","startTimeNanos":1629095700000000000,"modifiedTimeMillis":1629098778968,"rawTimestampNanos":0},
        {"fitValue":[{"value":{"intVal":1}}],"originDataSourceId":"derived:com.google.step_count.delta:com.google.android.gms:estimated_steps","endTimeNanos":1629096780000000000,"dataTypeName":"com.google.active_minutes","startTimeNanos":1629096720000000000,"modifiedTimeMillis":1629098778968,"rawTimestampNanos":0},
        {"fitValue":[{"value":{"intVal":1}}],"originDataSourceId":"derived:com.google.step_count.delta:com.google.android.gms:estimated_steps","endTimeNanos":1629096840000000000,"dataTypeName":"com.google.active_minutes","startTimeNanos":1629096780000000000,"modifiedTimeMillis":1629098778968,"rawTimestampNanos":0},
        {"fitValue":[{"value":{"intVal":1}}],"originDataSourceId":"derived:com.google.step_count.delta:com.google.android.gms:estimated_steps","endTimeNanos":1629097980000000000,"dataTypeName":"com.google.active_minutes","startTimeNanos":1629097920000000000,"modifiedTimeMillis":1629098778968,"rawTimestampNanos":0},
        {"fitValue":[{"value":{"intVal":1}}],"originDataSourceId":"derived:com.google.step_count.delta:com.google.android.gms:estimated_steps","endTimeNanos":1629105840000000000,"dataTypeName":"com.google.active_minutes","startTimeNanos":1629105780000000000,"modifiedTimeMillis":1629142854966,"rawTimestampNanos":0},
        {"fitValue":[{"value":{"intVal":1}}],"originDataSourceId":"derived:com.google.step_count.delta:com.google.android.gms:estimated_steps","endTimeNanos":1629106080000000000,"dataTypeName":"com.google.active_minutes","startTimeNanos":1629106020000000000,"modifiedTimeMillis":1629142854966,"rawTimestampNanos":0},
        {"fitValue":[{"value":{"intVal":1}}],"originDataSourceId":"derived:com.google.step_count.delta:com.google.android.gms:estimated_steps","endTimeNanos":1629106140000000000,"dataTypeName":"com.google.active_minutes","startTimeNanos":1629106080000000000,"modifiedTimeMillis":1629142854966,"rawTimestampNanos":0},
        {"fitValue":[{"value":{"intVal":1}}],"originDataSourceId":"derived:com.google.step_count.delta:com.google.android.gms:estimated_steps","endTimeNanos":1629106200000000000,"dataTypeName":"com.google.active_minutes","startTimeNanos":1629106140000000000,"modifiedTimeMillis":1629142854966,"rawTimestampNanos":0},
        {"fitValue":[{"value":{"intVal":1}}],"originDataSourceId":"derived:com.google.step_count.delta:com.google.android.gms:estimated_steps","endTimeNanos":1629106260000000000,"dataTypeName":"com.google.active_minutes","startTimeNanos":1629106200000000000,"modifiedTimeMillis":1629142854966,"rawTimestampNanos":0},
        {"fitValue":[{"value":{"intVal":1}}],"originDataSourceId":"derived:com.google.step_count.delta:com.google.android.gms:estimated_steps","endTimeNanos":1629112020000000000,"dataTypeName":"com.google.active_minutes","startTimeNanos":1629111960000000000,"modifiedTimeMillis":1629142854966,"rawTimestampNanos":0},
        {"fitValue":[{"value":{"intVal":1}}],"originDataSourceId":"derived:com.google.step_count.delta:com.google.android.gms:estimated_steps","endTimeNanos":1629112080000000000,"dataTypeName":"com.google.active_minutes","startTimeNanos":1629112020000000000,"modifiedTimeMillis":1629142854966,"rawTimestampNanos":0},
        {"fitValue":[{"value":{"intVal":1}}],"originDataSourceId":"derived:com.google.step_count.delta:com.google.android.gms:estimated_steps","endTimeNanos":1629112140000000000,"dataTypeName":"com.google.active_minutes","startTimeNanos":1629112080000000000,"modifiedTimeMillis":1629142854966,"rawTimestampNanos":0},
        {"fitValue":[{"value":{"intVal":1}}],"originDataSourceId":"derived:com.google.step_count.delta:com.google.android.gms:estimated_steps","endTimeNanos":1629112200000000000,"dataTypeName":"com.google.active_minutes","startTimeNanos":1629112140000000000,"modifiedTimeMillis":1629142854966,"rawTimestampNanos":0},
        {"fitValue":[{"value":{"intVal":1}}],"originDataSourceId":"derived:com.google.step_count.delta:com.google.android.gms:estimated_steps","endTimeNanos":1629112260000000000,"dataTypeName":"com.google.active_minutes","startTimeNanos":1629112200000000000,"modifiedTimeMillis":1629142854966,"rawTimestampNanos":0},
        {"fitValue":[{"value":{"intVal":1}}],"originDataSourceId":"derived:com.google.step_count.delta:com.google.android.gms:estimated_steps","endTimeNanos":1629112320000000000,"dataTypeName":"com.google.active_minutes","startTimeNanos":1629112260000000000,"modifiedTimeMillis":1629142854966,"rawTimestampNanos":0},
        {"fitValue":[{"value":{"intVal":1}}],"originDataSourceId":"derived:com.google.step_count.delta:com.google.android.gms:estimated_steps","endTimeNanos":1629122100000000000,"dataTypeName":"com.google.active_minutes","startTimeNanos":1629122040000000000,"modifiedTimeMillis":1629142854966,"rawTimestampNanos":0},
        {"fitValue":[{"value":{"intVal":1}}],"originDataSourceId":"derived:com.google.step_count.delta:com.google.android.gms:estimated_steps","endTimeNanos":1629122160000000000,"dataTypeName":"com.google.active_minutes","startTimeNanos":1629122100000000000,"modifiedTimeMillis":1629142854966,"rawTimestampNanos":0},
        {"fitValue":[{"value":{"intVal":1}}],"originDataSourceId":"derived:com.google.step_count.delta:com.google.android.gms:estimated_steps","endTimeNanos":1629122220000000000,"dataTypeName":"com.google.active_minutes","startTimeNanos":1629122160000000000,"modifiedTimeMillis":1629142854966,"rawTimestampNanos":0},
        {"fitValue":[{"value":{"intVal":1}}],"originDataSourceId":"derived:com.google.step_count.delta:com.google.android.gms:estimated_steps","endTimeNanos":1629124380000000000,"dataTypeName":"com.google.active_minutes","startTimeNanos":1629124320000000000,"modifiedTimeMillis":1629142854966,"rawTimestampNanos":0},
        {"fitValue":[{"value":{"intVal":1}}],"originDataSourceId":"derived:com.google.step_count.delta:com.google.android.gms:estimated_steps","endTimeNanos":1629124440000000000,"dataTypeName":"com.google.active_minutes","startTimeNanos":1629124380000000000,"modifiedTimeMillis":1629142854966,"rawTimestampNanos":0},
        {"fitValue":[{"value":{"intVal":1}}],"originDataSourceId":"derived:com.google.step_count.delta:com.google.android.gms:estimated_steps","endTimeNanos":1629124500000000000,"dataTypeName":"com.google.active_minutes","startTimeNanos":1629124440000000000,"modifiedTimeMillis":1629142854966,"rawTimestampNanos":0},
        {"fitValue":[{"value":{"intVal":1}}],"originDataSourceId":"derived:com.google.step_count.delta:com.google.android.gms:estimated_steps","endTimeNanos":1629124560000000000,"dataTypeName":"com.google.active_minutes","startTimeNanos":1629124500000000000,"modifiedTimeMillis":1629142854966,"rawTimestampNanos":0},
        {"fitValue":[{"value":{"intVal":1}}],"originDataSourceId":"derived:com.google.step_count.delta:com.google.android.gms:estimated_steps","endTimeNanos":1629124620000000000,"dataTypeName":"com.google.active_minutes","startTimeNanos":1629124560000000000,"modifiedTimeMillis":1629142854966,"rawTimestampNanos":0},
        {"fitValue":[{"value":{"intVal":1}}],"originDataSourceId":"derived:com.google.step_count.delta:com.google.android.gms:estimated_steps","endTimeNanos":1629124680000000000,"dataTypeName":"com.google.active_minutes","startTimeNanos":1629124620000000000,"modifiedTimeMillis":1629142854966,"rawTimestampNanos":0},
        {"fitValue":[{"value":{"intVal":1}}],"originDataSourceId":"derived:com.google.step_count.delta:com.google.android.gms:estimated_steps","endTimeNanos":1629124740000000000,"dataTypeName":"com.google.active_minutes","startTimeNanos":1629124680000000000,"modifiedTimeMillis":1629142854966,"rawTimestampNanos":0},
        {"fitValue":[{"value":{"intVal":1}}],"originDataSourceId":"derived:com.google.step_count.delta:com.google.android.gms:estimated_steps","endTimeNanos":1629125400000000000,"dataTypeName":"com.google.active_minutes","startTimeNanos":1629125340000000000,"modifiedTimeMillis":1629142854966,"rawTimestampNanos":0},
        {"fitValue":[{"value":{"intVal":1}}],"originDataSourceId":"derived:com.google.step_count.delta:com.google.android.gms:estimated_steps","endTimeNanos":1629125460000000000,"dataTypeName":"com.google.active_minutes","startTimeNanos":1629125400000000000,"modifiedTimeMillis":1629142854966,"rawTimestampNanos":0},
        {"fitValue":[{"value":{"intVal":1}}],"originDataSourceId":"derived:com.google.step_count.delta:com.google.android.gms:estimated_steps","endTimeNanos":1629125520000000000,"dataTypeName":"com.google.active_minutes","startTimeNanos":1629125460000000000,"modifiedTimeMillis":1629142854966,"rawTimestampNanos":0},
        {"fitValue":[{"value":{"intVal":1}}],"originDataSourceId":"derived:com.google.step_count.delta:com.google.android.gms:estimated_steps","endTimeNanos":1629127620000000000,"dataTypeName":"com.google.active_minutes","startTimeNanos":1629127560000000000,"modifiedTimeMillis":1629142854966,"rawTimestampNanos":0},
        {"fitValue":[{"value":{"intVal":1}}],"originDataSourceId":"derived:com.google.step_count.delta:com.google.android.gms:estimated_steps","endTimeNanos":1629127680000000000,"dataTypeName":"com.google.active_minutes","startTimeNanos":1629127620000000000,"modifiedTimeMillis":1629142854966,"rawTimestampNanos":0}
    ]
}