{
    "Data Source": "derived:com.google.step_count.delta:com.google.android.gms:merge_step_deltas",
    "Data Points": [
        {"fitValue":[{"value":{"intVal":18}}],"originDataSourceId":"raw:com.google.step_count.cumulative:HUAWEI:FLA-LX2:85541c714df67400:step counter","endTimeNanos":1628949600194841962,"dataTypeName":"com.google.step_count.delta","startTimeNanos":1628949540194841962,"modifiedTimeMillis":1628993954981,"rawTimestampNanos":0},
        {"fitValue":[{"value":{"intVal":20}}],"originDataSourceId":"raw:com.google.step_count.cumulative:HUAWEI:FLA-LX2:85541c714df67400:step counter","endTimeNanos":1628952910421532146,"dataTypeName":"com.google.step_count.delta","startTimeNanos":1628952850421532146,"modifiedTimeMillis":1628993954981,"rawTimestampNanos":0},
        {"fitValue":[{"value":{"intVal":20}}],"originDataSourceId":"raw:com.google.step_count.cumulative:HUAWEI:FLA-LX2:85541c714df67400:step counter","endTimeNanos":1628960531449632185,"dataTypeName":"com.google.step_count.delta","startTimeNanos":1628960475432915006,"modifiedTimeMillis":1628993954981,"rawTimestampNanos":0},
        {"fitValue":[{"value":{"intVal":16}}],"originDataSourceId":"raw:com.google.step_count.cumulative:HUAWEI:FLA-LX2:85541c714df67400:step counter","endTimeNanos":1628961814691630427,"dataTypeName":"com.google.step_count.delta","startTimeNanos":1628961754691630427,"modifiedTimeMillis":1628993954981,"rawTimestampNanos":0},
        {"fitValue":[{"value":{"intVal":21}}],"originDataSourceId":"raw:com.google.step_count.cumulative:HUAWEI:FLA-LX2:85541c714df67400:step counter","endTimeNanos":1628962199727319952,"dataTypeName":"com.google.step_count.delta","startTimeNanos":1628962139727319952,"modifiedTimeMillis":1628993954981,"rawTimestampNanos":0},
        {"fitValue":[{"value":{"intVal":4}}],"originDataSourceId":"raw:com.google.step_count.cumulative:HUAWEI:FLA-LX2:85541c714df67400:step counter","endTimeNanos":1628962251723193381,"dataTypeName":"com.google.step_count.delta","startTimeNanos":1628962199727319952,"modifiedTimeMillis":1628993954981,"rawTimestampNanos":0},
        {"fitValue":[{"value":{"intVal":22}}],"originDataSourceId":"raw:com.google.step_count.cumulative:HUAWEI:FLA-LX2:85541c714df67400:step counter","endTimeNanos":1628968828280000000,"dataTypeName":"com.google.step_count.delta","startTimeNanos":1628968768280000000,"modifiedTimeMillis":1628993954981,"rawTimestampNanos":0},
        {"fitValue":[{"value":{"intVal":22}}],"originDataSourceId":"raw:com.google.step_count.cumulative:HUAWEI:FLA-LX2:85541c714df67400:step counter","endTimeNanos":1628994844320387629,"dataTypeName":"com.google.step_count.delta","startTimeNanos":1628994784320387629,"modifiedTimeMillis":1628994871501,"rawTimestampNanos":0},
        {"fitValue":[{"value":{"intVal":36}}],"originDataSourceId":"raw:com.google.step_count.cumulative:HUAWEI:FLA-LX2:85541c714df67400:step counter","endTimeNanos":1628996826727925707,"dataTypeName":"com.google.step_count.delta","startTimeNanos":1628996768817033008,"modifiedTimeMillis":1629044359612,"rawTimestampNanos":0},
        {"fitValue":[{"value":{"intVal":91}}],"originDataSourceId":"raw:com.google.step_count.cumulative:HUAWEI:FLA-LX2:85541c714df67400:step counter","endTimeNanos":1628997505388752820,"dataTypeName":"com.google.step_count.delta","startTimeNanos":1628997355361055314,"modifiedTimeMillis":1629044359612,"rawTimestampNanos":0},
        {"fitValue":[{"value":{"intVal":146}}],"originDataSourceId":"raw:com.google.step_count.cumulative:HUAWEI:FLA-LX2:85541c714df67400:step counter","endTimeNanos":1628998397320919487,"dataTypeName":"com.google.step_count.delta","startTimeNanos":1628998105320913343,"modifiedTimeMillis":1629044359612,"rawTimestampNanos":0},
        {"fitValue":[{"value":{"intVal":98}}],"originDataSourceId":"raw:com.google.step_count.cumulative:HUAWEI:FLA-LX2:85541c714df67400:step counter","endTimeNanos":1628998598291311674,"dataTypeName":"com.google.step_count.delta","startTimeNanos":1628998402291305530,"modifiedTimeMillis":1629044359612,"rawTimestampNanos":0},
        {"fitValue":[{"value":{"intVal":37}}],"originDataSourceId":"raw:com.google.step_count.cumulative:HUAWEI:FLA-LX2:85541c714df67400:step counter","endTimeNanos":1628999593469478863,"dataTypeName":"com.google.step_count.delta","startTimeNanos":1628999580851228341,"modifiedTimeMillis":1629044359612,"rawTimestampNanos":0},
        {"fitValue":[{"value":{"intVal":100}}],"originDataSourceId":"raw:com.google.step_count.cumulative:HUAWEI:FLA-LX2:85541c714df67400:step counter","endTimeNanos":1628999654756795005,"dataTypeName":"com.google.step_count.delta","startTimeNanos":1628999593469478863,"modifiedTimeMillis":1629044359612,"rawTimestampNanos":0},
        {"fitValue":[{"value":{"intVal":3}}],"originDataSourceId":"raw:com.google.step_count.cumulative:HUAWEI:FLA-LX2:85541c714df67400:step counter","endTimeNanos":1628999656924189275,"dataTypeName":"com.google.step_count.delta","startTimeNanos":1628999654756795005,"modifiedTimeMillis":1629044359612,"rawTimestampNanos":0},
        {"fitValue":[{"value":{"intVal":89}}],"originDataSourceId":"raw:com.google.step_count.cumulative:HUAWEI:FLA-LX2:85541c714df67400:step counter","endTimeNanos":1628999717342817926,"dataTypeName":"com.google.step_count.delta","startTimeNanos":1628999656924189275,"modifiedTimeMillis":1629044359612,"rawTimestampNanos":0},
        {"fitValue":[{"value":{"intVal":143}}],"originDataSourceId":"raw:com.google.step_count.cumulative:HUAWEI:FLA-LX2:85541c714df67400:step counter","endTimeNanos":1629000385387437194,"dataTypeName":"com.google.step_count.delta","startTimeNanos":1629000283674039759,"modifiedTimeMillis":1629044359612,"rawTimestampNanos":0},
        {"fitValue":[{"value":{"intVal":33}}],"originDataSourceId":"raw:com.google.step_count.cumulative:HUAWEI:FLA-LX2:85541c714df67400:step counter","endTimeNanos":1629002129218578611,"dataTypeName":"com.google.step_count.delta","startTimeNanos":1629002063218575539,"modifiedTimeMillis":1629044359612,"rawTimestampNanos":0},
        {"fitValue":[{"value":{"intVal":45}}],"originDataSourceId":"raw:com.google.step_count.cumulative:HUAWEI:FLA-LX2:85541c714df67400:step counter","endTimeNanos":1629002933250168963,"dataTypeName":"com.google.step_count.delta","startTimeNanos":1629002843250169987,"modifiedTimeMillis":1629044359612,"rawTimestampNanos":0},
        {"fitValue":[{"value":{"intVal":14}}],"originDataSourceId":"raw:com.google.step_count.cumulative:HUAWEI:FLA-LX2:85541c714df67400:step counter","endTimeNanos":1629002951273085106,"dataTypeName":"com.google.step_count.delta","startTimeNanos":1629002933250168963,"modifiedTimeMillis":1629044359612,"rawTimestampNanos":0},
        {"fitValue":[{"value":{"intVal":19}}],"originDataSourceId":"raw:com.google.step_count.cumulative:HUAWEI:FLA-LX2:85541c714df67400:step counter","endTimeNanos":1629003164221630907,"dataTypeName":"com.google.step_count.delta","startTimeNanos":1629003104221630907,"modifiedTimeMillis":1629044359612,"rawTimestampNanos":0},
        {"fitValue":[{"value":{"intVal":23}}],"originDataSourceId":"raw:com.google.step_count.cumulative:HUAWEI:FLA-LX2:85541c714df67400:step counter","endTimeNanos":1629003171510343406,"dataTypeName":"com.google.step_count.delta","startTimeNanos":1629003164221630907,"modifiedTimeMillis":1629044359612,"rawTimestampNanos":0},
        {"fitValue":[{"value":{"intVal":23}}],"originDataSourceId":"raw:com.google.step_count.cumulative:HUAWEI:FLA-LX2:85541c714df67400:step counter","endTimeNanos":1629006220429813755,"dataTypeName":"com.google.step_count.delta","startTimeNanos":1629006211141664277,"modifiedTimeMillis":1629044359612,"rawTimestampNanos":0},
        {"fitValue":[{"value":{"intVal":13}}],"originDataSourceId":"raw:com.google.step_count.cumulative:HUAWEI:FLA-LX2:85541c714df67400:step counter","endTimeNanos":1629006286502137193,"dataTypeName":"com.google.step_count.delta","startTimeNanos":1629006226502137193,"modifiedTimeMillis":1629044359612,"rawTimestampNanos":0},
        {"fitValue":[{"value":{"intVal":25}}],"originDataSourceId":"raw:com.google.step_count.cumulative:HUAWEI:FLA-LX2:85541c714df67400:step counter","endTimeNanos":1629006300015258545,"dataTypeName":"com.google.step_count.delta","startTimeNanos":1629006286502137193,"modifiedTimeMillis":1629044359612,"rawTimestampNanos":0},
        {"fitValue":[{"value":{"intVal":51}}],"originDataSourceId":"raw:com.google.step_count.cumulative:HUAWEI:FLA-LX2:85541c714df67400:step counter","endTimeNanos":1629006340655924175,"dataTypeName":"com.google.step_count.delta","startTimeNanos":1629006300015258545,"modifiedTimeMillis":1629044359612,"rawTimestampNanos":0},
        {"fitValue":[{"value":{"intVal":29}}],"originDataSourceId":"raw:com.google.step_count.cumulative:HUAWEI:FLA-LX2:85541c714df67400:step counter","endTimeNanos":1629006965818037100,"dataTypeName":"com.google.step_count.delta","startTimeNanos":1629006905818037100,"modifiedTimeMillis":1629044359612,"rawTimestampNanos":0},
        {"fitValue":[{"value":{"intVal":139}}],"originDataSourceId":"raw:com.google.step_count.cumulative:HUAWEI:FLA-LX2:85541c714df67400:step counter","endTimeNanos":1629008364817015012,"dataTypeName":"com.google.step_count.delta","startTimeNanos":1629008290812865544,"modifiedTimeMillis":1629044359612,"rawTimestampNanos":0},
        {"fitValue":[{"value":{"intVal":65}}],"originDataSourceId":"raw:com.google.step_count.cumulative:HUAWEI:FLA-LX2:85541c714df67400:step counter","endTimeNanos":1629008407817032713,"dataTypeName":"com.google.step_count.delta","startTimeNanos":1629008364817015012,"modifiedTimeMillis":1629044359612,"rawTimestampNanos":0},
        {"fitValue":[{"value":{"intVal":17}}],"originDataSourceId":"raw:com.google.step_count.cumulative:HUAWEI:FLA-LX2:85541c714df67400:step counter","endTimeNanos":1629015942205680522,"dataTypeName":"com.google.step_count.delta","startTimeNanos":1629015925873513337,"modifiedTimeMillis":1629044359612,"rawTimestampNanos":0},
        {"fitValue":[{"value":{"intVal":271}}],"originDataSourceId":"raw:com.google.step_count.cumulative:HUAWEI:FLA-LX2:85541c714df67400:step counter","endTimeNanos":1629016233735225217,"dataTypeName":"com.google.step_count.delta","startTimeNanos":1629015942205680522,"modifiedTimeMillis":1629044359612,"rawTimestampNanos":0},
        {"fitValue":[{"value":{"intVal":36}}],"originDataSourceId":"raw:com.google.step_count.cumulative:HUAWEI:FLA-LX2:85541c714df67400:step counter","endTimeNanos":1629016242939790320,"dataTypeName":"com.google.step_count.delta","startTimeNanos":1629016233735225217,"modifiedTimeMillis":1629044359612,"rawTimestampNanos":0},
        {"fitValue":[{"value":{"intVal":23}}],"originDataSourceId":"raw:com.google.step_count.cumulative:HUAWEI:FLA-LX2:85541c714df67400:step counter","endTimeNanos":1629016287915662716,"dataTypeName":"com.google.step_count.delta","startTimeNanos":1629016242939790320,"modifiedTimeMillis":1629044359612,"rawTimestampNanos":0},
        {"fitValue":[{"value":{"intVal":78}}],"originDataSourceId":"raw:com.google.step_count.cumulative:HUAWEI:FLA-LX2:85541c714df67400:step counter","endTimeNanos":1629016507444562196,"dataTypeName":"com.google.step_count.delta","startTimeNanos":1629016351444568340,"modifiedTimeMillis":1629044359612,"rawTimestampNanos":0},
        {"fitValue":[{"value":{"intVal":199}}],"originDataSourceId":"raw:com.google.step_count.cumulative:HUAWEI:FLA-LX2:85541c714df67400:step counter","endTimeNanos":1629016768213369489,"dataTypeName":"com.google.step_count.delta","startTimeNanos":1629016507444562196,"modifiedTimeMillis":1629044359612,"rawTimestampNanos":0},
        {"fitValue":[{"value":{"intVal":1}}],"originDataSourceId":"raw:com.google.step_count.cumulative:HUAWEI:FLA-LX2:85541c714df67400:step counter","endTimeNanos":1629016770209520009,"dataTypeName":"com.google.step_count.delta","startTimeNanos":1629016768213369489,"modifiedTimeMillis":1629044359612,"rawTimestampNanos":0},
        {"fitValue":[{"value":{"intVal":88}}],"originDataSourceId":"raw:com.google.step_count.cumulative:HUAWEI:FLA-LX2:85541c714df67400:step counter","endTimeNanos":1629018740673000000,"dataTypeName":"com.google.step_count.delta","startTimeNanos":1629018570479817651,"modifiedTimeMillis":1629044359612,"rawTimestampNanos":0},
        {"fitValue":[{"value":{"intVal":71}}],"originDataSourceId":"raw:com.google.step_count.cumulative:HUAWEI:FLA-LX2:85541c714df67400:step counter","endTimeNanos":1629020489449456467,"dataTypeName":"com.google.step_count.delta","startTimeNanos":1629020437806339800,"modifiedTimeMillis":1629044359612,"rawTimestampNanos":0},
        {"fitValue":[{"value":{"intVal":374}}],"originDataSourceId":"raw:com.google.step_count.cumulative:HUAWEI:FLA-LX2:85541c714df67400:step counter","endTimeNanos":1629023188346807508,"dataTypeName":"com.google.step_count.delta","startTimeNanos":1629022440346821844,"modifiedTimeMillis":1629044359612,"rawTimestampNanos":0},
        {"fitValue":[{"value":{"intVal":30}}],"originDataSourceId":"raw:com.google.step_count.cumulative:HUAWEI:FLA-LX2:85541c714df67400:step counter","endTimeNanos":1629031411742834052,"dataTypeName":"com.google.step_count.delta","startTimeNanos":1629031351742832004,"modifiedTimeMillis":1629044359612,"rawTimestampNanos":0},
        {"fitValue":[{"value":{"intVal":24}}],"originDataSourceId":"raw:com.google.step_count.cumulative:HUAWEI:FLA-LX2:85541c714df67400:step counter","endTimeNanos":1629033247826690022,"dataTypeName":"com.google.step_count.delta","startTimeNanos":1629033187826690022,"modifiedTimeMillis":1629044359612,"rawTimestampNanos":0},
        {"fitValue":[{"value":{"intVal":14}}],"originDataSourceId":"raw:com.google.step_count.cumulative:HUAWEI:FLA-LX2:85541c714df67400:step counter","endTimeNanos":1629033765540675360,"dataTypeName":"com.google.step_count.delta","startTimeNanos":1629033705540675360,"modifiedTimeMillis":1629044359612,"rawTimestampNanos":0},
        {"fitValue":[{"value":{"intVal":31}}],"originDataSourceId":"raw:com.google.step_count.cumulative:HUAWEI:FLA-LX2:85541c714df67400:step counter","endTimeNanos":1629033950454753978,"dataTypeName":"com.google.step_count.delta","startTimeNanos":1629033888454752954,"modifiedTimeMillis":1629044359612,"rawTimestampNanos":0},
        {"fitValue":[{"value":{"intVal":6}}],"originDataSourceId":"raw:com.google.step_count.cumulative:HUAWEI:FLA-LX2:85541c714df67400:step counter","endTimeNanos":1629034272504702366,"dataTypeName":"com.google.step_count.delta","startTimeNanos":1629034212504702366,"modifiedTimeMillis":1629044359612,"rawTimestampNanos":0},
        {"fitValue":[{"value":{"intVal":42}}],"originDataSourceId":"raw:com.google.step_count.cumulative:HUAWEI:FLA-LX2:85541c714df67400:step counter","endTimeNanos":1629041883881000000,"dataTypeName":"com.google.step_count.delta","startTimeNanos":1629041799881002048,"modifiedTimeMillis":1629044359612,"rawTimestampNanos":0},
        {"fitValue":[{"value":{"intVal":14}}],"originDataSourceId":"raw:com.google.step_count.cumulative:HUAWEI:FLA-LX2:85541c714df67400:step counter","endTimeNanos":1629043781017616362,"dataTypeName":"com.google.step_count.delta","startTimeNanos":1629043721017616362,"modifiedTimeMillis":1629044359612,"rawTimestampNanos":0},
        {"fitValue":[{"value":{"intVal":101}}],"originDataSourceId":"raw:com.google.step_count.cumulative:HUAWEI:FLA-LX2:85541c714df67400:step counter","endTimeNanos":1629044144929324168,"dataTypeName":"com.google.step_count.delta","startTimeNanos":1629043942929317000,"modifiedTimeMillis":1629044359612,"rawTimestampNanos":0},
        {"fitValue":[{"value":{"intVal":19}}],"originDataSourceId":"raw:com.google.step_count.cumulative:HUAWEI:FLA-LX2:85541c714df67400:step counter","endTimeNanos":1629055796521889041,"dataTypeName":"com.google.step_count.delta","startTimeNanos":1629055736521889041,"modifiedTimeMillis":1629098784041,"rawTimestampNanos":0},
        {"fitValue":[{"value":{"intVal":27}}],"originDataSourceId":"raw:com.google.step_count.cumulative:HUAWEI:FLA-LX2:85541c714df67400:step counter","endTimeNanos":1629079380713000000,"dataTypeName":"com.google.step_count.delta","startTimeNanos":1629079320713000000,"modifiedTimeMillis":1629098784041,"rawTimestampNanos":0},
        {"fitValue":[{"value":{"intVal":23}}],"originDataSourceId":"raw:com.google.step_count.cumulative:HUAWEI:FLA-LX2:85541c714df67400:step counter","endTimeNanos":1629079445748000000,"dataTypeName":"com.google.step_count.delta","startTimeNanos":1629079385748000000,"modifiedTimeMillis":1629098784041,"rawTimestampNanos":0},
        {"fitValue":[{"value":{"intVal":22}}],"originDataSourceId":"raw:com.google.step_count.cumulative:HUAWEI:FLA-LX2:85541c714df67400:step counter","endTimeNanos":1629079748789000000,"dataTypeName":"com.google.step_count.delta","startTimeNanos":1629079688789000000,"modifiedTimeMillis":1629098784041,"rawTimestampNanos":0},
        {"fitValue":[{"value":{"intVal":92}}],"originDataSourceId":"raw:com.google.step_count.cumulative:HUAWEI:FLA-LX2:85541c714df67400:step counter","endTimeNanos":1629083357323000000,"dataTypeName":"com.google.step_count.delta","startTimeNanos":1629083173322995904,"modifiedTimeMillis":1629098784041,"rawTimestampNanos":0},
        {"fitValue":[{"value":{"intVal":6}}],"originDataSourceId":"raw:com.google.step_count.cumulative:HUAWEI:FLA-LX2:85541c714df67400:step counter","endTimeNanos":1629083366228000000,"dataTypeName":"com.google.step_count.delta","startTimeNanos":1629083357323000000,"modifiedTimeMillis":1629098784041,"rawTimestampNanos":0},
        {"fitValue":[{"value":{"intVal":269}}],"originDataSourceId":"raw:com.google.step_count.cumulative:HUAWEI:FLA-LX2:85541c714df67400:step counter","endTimeNanos":1629086854537000000,"dataTypeName":"com.google.step_count.delta","startTimeNanos":1629086316537001024,"modifiedTimeMillis":1629098784041,"rawTimestampNanos":0},
        {"fitValue":[{"value":{"intVal":23}}],"originDataSourceId":"raw:com.google.step_count.cumulative:HUAWEI:FLA-LX2:85541c714df67400:step counter","endTimeNanos":1629092722267000000,"dataTypeName":"com.google.step_count.delta","startTimeNanos":1629092662267000000,"modifiedTimeMillis":1629098784041,"rawTimestampNanos":0},
        {"fitValue":[{"value":{"intVal":273}}],"originDataSourceId":"raw:com.google.step_count.cumulative:HUAWEI:FLA-LX2:85541c714df67400:step counter","endTimeNanos":1629095759938000000,"dataTypeName":"com.google.step_count.delta","startTimeNanos":1629095213937955968,"modifiedTimeMillis":1629098784041,"rawTimestampNanos":0},
        {"fitValue":[{"value":{"intVal":32}}],"originDataSourceId":"raw:com.google.step_count.cumulative:HUAWEI:FLA-LX2:85541c714df67400:step counter","endTimeNanos":1629096774177000000,"dataTypeName":"com.google.step_count.delta","startTimeNanos":1629096710176995904,"modifiedTimeMillis":1629098784041,"rawTimestampNanos":0},
        {"fitValue":[{"value":{"intVal":66}}],"originDataSourceId":"raw:com.google.step_count.cumulative:HUAWEI:FLA-LX2:85541c714df67400:step counter","endTimeNanos":1629096814993000000,"dataTypeName":"com.google.step_count.delta","startTimeNanos":1629096774177000000,"modifiedTimeMillis":1629098784041,"rawTimestampNanos":0},
        {"fitValue":[{"value":{"intVal":16}}],"originDataSourceId":"raw:com.google.step_count.cumulative:HUAWEI:FLA-LX2:85541c714df67400:step counter","endTimeNanos":1629097303207000000,"dataTypeName":"com.google.step_count.delta","startTimeNanos":1629097299222000000,"modifiedTimeMillis":1629098784041,"rawTimestampNanos":0},
        {"fitValue":[{"value":{"intVal":23}}],"originDataSourceId":"raw:com.google.step_count.cumulative:HUAWEI:FLA-LX2:85541c714df67400:step counter","endTimeNanos":1629097527312000000,"dataTypeName":"com.google.step_count.delta","startTimeNanos":1629097467312000000,"modifiedTimeMillis":1629098784041,"rawTimestampNanos":0},
        {"fitValue":[{"value":{"intVal":59}}],"originDataSourceId":"raw:com.google.step_count.cumulative:HUAWEI:FLA-LX2:85541c714df67400:step counter","endTimeNanos":1629097996462000000,"dataTypeName":"com.google.step_count.delta","startTimeNanos":1629097878461990784,"modifiedTimeMillis":1629098784041,"rawTimestampNanos":0},
        {"fitValue":[{"value":{"intVal":27}}],"originDataSourceId":"raw:com.google.step_count.cumulative:HUAWEI:FLA-LX2:85541c714df67400:step counter","endTimeNanos":1629098057842000000,"dataTypeName":"com.google.step_count.delta","startTimeNanos":1629097997842000000,"modifiedTimeMillis":1629098784041,"rawTimestampNanos":0},
        {"fitValue":[{"value":{"intVal":2}}],"originDataSourceId":"raw:com.google.step_count.cumulative:HUAWEI:FLA-LX2:85541c714df67400:step counter","endTimeNanos":1629098059352000000,"dataTypeName":"com.google.step_count.delta","startTimeNanos":1629098057842000000,"modifiedTimeMillis":1629098784041,"rawTimestampNanos":0},
        {"fitValue":[{"value":{"intVal":46}}],"originDataSourceId":"raw:com.google.step_count.cumulative:HUAWEI:FLA-LX2:85541c714df67400:step counter","endTimeNanos":1629105857140000000,"dataTypeName":"com.google.step_count.delta","startTimeNanos":1629105776109000000,"modifiedTimeMillis":1629142860111,"rawTimestampNanos":0},
        {"fitValue":[{"value":{"intVal":19}}],"originDataSourceId":"raw:com.google.step_count.cumulative:HUAWEI:FLA-LX2:85541c714df67400:step counter","endTimeNanos":1629106039759000000,"dataTypeName":"com.google.step_count.delta","startTimeNanos":1629105979759000000,"modifiedTimeMillis":1629142860111,"rawTimestampNanos":0},
        {"fitValue":[{"value":{"intVal":234}}],"originDataSourceId":"raw:com.google.step_count.cumulative:HUAWEI:FLA-LX2:85541c714df67400:step counter","endTimeNanos":1629106235411000000,"dataTypeName":"com.google.step_count.delta","startTimeNanos":1629106039759000000,"modifiedTimeMillis":1629142860111,"rawTimestampNanos":0},
        {"fitValue":[{"value":{"intVal":14}}],"originDataSourceId":"raw:com.google.step_count.cumulative:HUAWEI:FLA-LX2:85541c714df67400:step counter","endTimeNanos":1629106246712000000,"dataTypeName":"com.google.step_count.delta","startTimeNanos":1629106235411000000,"modifiedTimeMillis":1629142860111,"rawTimestampNanos":0},
        {"fitValue":[{"value":{"intVal":17}}],"originDataSourceId":"raw:com.google.step_count.cumulative:HUAWEI:FLA-LX2:85541c714df67400:step counter","endTimeNanos":1629108429543000000,"dataTypeName":"com.google.step_count.delta","startTimeNanos":1629108369543000000,"modifiedTimeMillis":1629142860111,"rawTimestampNanos":0},
        {"fitValue":[{"value":{"intVal":13}}],"originDataSourceId":"raw:com.google.step_count.cumulative:HUAWEI:FLA-LX2:85541c714df67400:step counter","endTimeNanos":1629108434549000000,"dataTypeName":"com.google.step_count.delta","startTimeNanos":1629108429543000000,"modifiedTimeMillis":1629142860111,"rawTimestampNanos":0},
        {"fitValue":[{"value":{"intVal":6}}],"originDataSourceId":"raw:com.google.step_count.cumulative:HUAWEI:FLA-LX2:85541c714df67400:step counter","endTimeNanos":1629111966664000000,"dataTypeName":"com.google.step_count.delta","startTimeNanos":1629111906664000000,"modifiedTimeMillis":1629142860111,"rawTimestampNanos":0},
        {"fitValue":[{"value":{"intVal":121}}],"originDataSourceId":"raw:com.google.step_count.cumulative:HUAWEI:FLA-LX2:85541c714df67400:step counter","endTimeNanos":1629112046559000000,"dataTypeName":"com.google.step_count.delta","startTimeNanos":1629111966664000000,"modifiedTimeMillis":1629142860111,"rawTimestampNanos":0},
        {"fitValue":[{"value":{"intVal":66}}],"originDataSourceId":"raw:com.google.step_count.cumulative:HUAWEI:FLA-LX2:85541c714df67400:step counter","endTimeNanos":1629112087051000000,"dataTypeName":"com.google.step_count.delta","startTimeNanos":1629112046559000000,"modifiedTimeMillis":1629142860111,"rawTimestampNanos":0},
        {"fitValue":[{"value":{"intVal":67}}],"originDataSourceId":"raw:com.google.step_count.cumulative:HUAWEI:FLA-LX2:85541c714df67400:step counter","endTimeNanos":1629112131308000000,"dataTypeName":"com.google.step_count.delta","startTimeNanos":1629112087051000000,"modifiedTimeMillis":1629142860111,"rawTimestampNanos":0},
        {"fitValue":[{"value":{"intVal":219}}],"originDataSourceId":"raw:com.google.step_count.cumulative:HUAWEI:FLA-LX2:85541c714df67400:step counter","endTimeNanos":1629112318861000000,"dataTypeName":"com.google.step_count.delta","startTimeNanos":1629112131308000000,"modifiedTimeMillis":1629142860111,"rawTimestampNanos":0},
        {"fitValue":[{"value":{"intVal":17}}],"originDataSourceId":"raw:com.google.step_count.cumulative:HUAWEI:FLA-LX2:85541c714df67400:step counter","endTimeNanos":1629119031453000000,"dataTypeName":"com.google.step_count.delta","startTimeNanos":1629118971453000000,"modifiedTimeMillis":1629142860111,"rawTimestampNanos":0},
        {"fitValue":[{"value":{"intVal":116}}],"originDataSourceId":"raw:com.google.step_count.cumulative:HUAWEI:FLA-LX2:85541c714df67400:step counter","endTimeNanos":1629122124882677599,"dataTypeName":"com.google.step_count.delta","startTimeNanos":1629122027295000000,"modifiedTimeMillis":1629142860111,"rawTimestampNanos":0},
        {"fitValue":[{"value":{"intVal":63}}],"originDataSourceId":"raw:com.google.step_count.cumulative:HUAWEI:FLA-LX2:85541c714df67400:step counter","endTimeNanos":1629122255296489575,"dataTypeName":"com.google.step_count.delta","startTimeNanos":1629122129296492647,"modifiedTimeMillis":1629142860111,"rawTimestampNanos":0},
        {"fitValue":[{"value":{"intVal":281}}],"originDataSourceId":"raw:com.google.step_count.cumulative:HUAWEI:FLA-LX2:85541c714df67400:step counter","endTimeNanos":1629124767332000000,"dataTypeName":"com.google.step_count.delta","startTimeNanos":1629124287451876041,"modifiedTimeMillis":1629142860111,"rawTimestampNanos":0},
        {"fitValue":[{"value":{"intVal":62}}],"originDataSourceId":"raw:com.google.step_count.cumulative:HUAWEI:FLA-LX2:85541c714df67400:step counter","endTimeNanos":1629125442151719789,"dataTypeName":"com.google.step_count.delta","startTimeNanos":1629125318151717741,"modifiedTimeMillis":1629142860111,"rawTimestampNanos":0},
        {"fitValue":[{"value":{"intVal":50}}],"originDataSourceId":"raw:com.google.step_count.cumulative:HUAWEI:FLA-LX2:85541c714df67400:step counter","endTimeNanos":1629125527021000000,"dataTypeName":"com.google.step_count.delta","startTimeNanos":1629125442151719789,"modifiedTimeMillis":1629142860111,"rawTimestampNanos":0},
        {"fitValue":[{"value":{"intVal":82}}],"originDataSourceId":"raw:com.google.step_count.cumulative:HUAWEI:FLA-LX2:85541c714df67400:step counter","endTimeNanos":1629127683498000000,"dataTypeName":"com.google.step_count.delta","startTimeNanos":1629127519497993856,"modifiedTimeMillis":1629142860111,"rawTimestampNanos":0}
    ]
}