{
    "Data Source": "derived:com.google.speed:com.google.android.gms:merge_speed",
    "Data Points": [
        {"fitValue":[{"value":{"fpVal":0.3901728093624115}}],"originDataSourceId":"raw:com.google.step_count.cumulative:HUAWEI:FLA-LX2:85541c714df67400:step counter","endTimeNanos":1628996797772479357,"dataTypeName":"com.google.speed","startTimeNanos":1628996797772479357,"modifiedTimeMillis":1629044359610,"rawTimestampNanos":0},
        {"fitValue":[{"value":{"fpVal":0.38070163130760193}}],"originDataSourceId":"raw:com.google.step_count.cumulative:HUAWEI:FLA-LX2:85541c714df67400:step counter","endTimeNanos":1628997430374904067,"dataTypeName":"com.google.speed","startTimeNanos":1628997430374904067,"modifiedTimeMillis":1629044359610,"rawTimestampNanos":0},
        {"fitValue":[{"value":{"fpVal":0.31382301449775696}}],"originDataSourceId":"raw:com.google.step_count.cumulative:HUAWEI:FLA-LX2:85541c714df67400:step counter","endTimeNanos":1628998251320916415,"dataTypeName":"com.google.speed","startTimeNanos":1628998251320916415,"modifiedTimeMillis":1629044359610,"rawTimestampNanos":0},
        {"fitValue":[{"value":{"fpVal":0.31382301449775696}}],"originDataSourceId":"raw:com.google.step_count.cumulative:HUAWEI:FLA-LX2:85541c714df67400:step counter","endTimeNanos":1628998500291308602,"dataTypeName":"com.google.speed","startTimeNanos":1628998500291308602,"modifiedTimeMillis":1629044359610,"rawTimestampNanos":0},
        {"fitValue":[{"value":{"fpVal":2.5780789852142334}}],"originDataSourceId":"raw:com.google.step_count.cumulative:HUAWEI:FLA-LX2:85541c714df67400:step counter","endTimeNanos":1628999587160353602,"dataTypeName":"com.google.speed","startTimeNanos":1628999587160353602,"modifiedTimeMillis":1629044359610,"rawTimestampNanos":0},
        {"fitValue":[{"value":{"fpVal":1.0920250415802002}}],"originDataSourceId":"raw:com.google.step_count.cumulative:HUAWEI:FLA-LX2:85541c714df67400:step counter","endTimeNanos":1628999624113136934,"dataTypeName":"com.google.speed","startTimeNanos":1628999624113136934,"modifiedTimeMillis":1629044359610,"rawTimestampNanos":0},
        {"fitValue":[{"value":{"fpVal":0.9438949227333069}}],"originDataSourceId":"raw:com.google.step_count.cumulative:HUAWEI:FLA-LX2:85541c714df67400:step counter","endTimeNanos":1628999687133503600,"dataTypeName":"com.google.speed","startTimeNanos":1628999687133503600,"modifiedTimeMillis":1629044359610,"rawTimestampNanos":0},
        {"fitValue":[{"value":{"fpVal":0.8839079737663269}}],"originDataSourceId":"raw:com.google.step_count.cumulative:HUAWEI:FLA-LX2:85541c714df67400:step counter","endTimeNanos":1629000334530738476,"dataTypeName":"com.google.speed","startTimeNanos":1629000334530738476,"modifiedTimeMillis":1629044359610,"rawTimestampNanos":0},
        {"fitValue":[{"value":{"fpVal":0.31382301449775696}}],"originDataSourceId":"raw:com.google.step_count.cumulative:HUAWEI:FLA-LX2:85541c714df67400:step counter","endTimeNanos":1629002096218577075,"dataTypeName":"com.google.speed","startTimeNanos":1629002096218577075,"modifiedTimeMillis":1629044359610,"rawTimestampNanos":0},
        {"fitValue":[{"value":{"fpVal":0.31382301449775696}}],"originDataSourceId":"raw:com.google.step_count.cumulative:HUAWEI:FLA-LX2:85541c714df67400:step counter","endTimeNanos":1629002888250169475,"dataTypeName":"com.google.speed","startTimeNanos":1629002888250169475,"modifiedTimeMillis":1629044359610,"rawTimestampNanos":0},
        {"fitValue":[{"value":{"fpVal":0.4875484108924866}}],"originDataSourceId":"raw:com.google.step_count.cumulative:HUAWEI:FLA-LX2:85541c714df67400:step counter","endTimeNanos":1629002942261627034,"dataTypeName":"com.google.speed","startTimeNanos":1629002942261627034,"modifiedTimeMillis":1629044359610,"rawTimestampNanos":0},
        {"fitValue":[{"value":{"fpVal":1.3107929229736328}}],"originDataSourceId":"raw:com.google.step_count.cumulative:HUAWEI:FLA-LX2:85541c714df67400:step counter","endTimeNanos":1629006293258697869,"dataTypeName":"com.google.speed","startTimeNanos":1629006293258697869,"modifiedTimeMillis":1629044359610,"rawTimestampNanos":0},
        {"fitValue":[{"value":{"fpVal":0.78763347864151}}],"originDataSourceId":"raw:com.google.step_count.cumulative:HUAWEI:FLA-LX2:85541c714df67400:step counter","endTimeNanos":1629006320335591360,"dataTypeName":"com.google.speed","startTimeNanos":1629006320335591360,"modifiedTimeMillis":1629044359610,"rawTimestampNanos":0},
        {"fitValue":[{"value":{"fpVal":0.3033622205257416}}],"originDataSourceId":"raw:com.google.step_count.cumulative:HUAWEI:FLA-LX2:85541c714df67400:step counter","endTimeNanos":1629006935818037100,"dataTypeName":"com.google.speed","startTimeNanos":1629006935818037100,"modifiedTimeMillis":1629044359610,"rawTimestampNanos":0},
        {"fitValue":[{"value":{"fpVal":1.340311050415039}}],"originDataSourceId":"raw:com.google.step_count.cumulative:HUAWEI:FLA-LX2:85541c714df67400:step counter","endTimeNanos":1629008327814940278,"dataTypeName":"com.google.speed","startTimeNanos":1629008327814940278,"modifiedTimeMillis":1629044359610,"rawTimestampNanos":0},
        {"fitValue":[{"value":{"fpVal":0.9790876507759094}}],"originDataSourceId":"raw:com.google.step_count.cumulative:HUAWEI:FLA-LX2:85541c714df67400:step counter","endTimeNanos":1629008386317023862,"dataTypeName":"com.google.speed","startTimeNanos":1629008386317023862,"modifiedTimeMillis":1629044359610,"rawTimestampNanos":0},
        {"fitValue":[{"value":{"fpVal":0.6533108949661255}}],"originDataSourceId":"raw:com.google.step_count.cumulative:HUAWEI:FLA-LX2:85541c714df67400:step counter","endTimeNanos":1629015934039596929,"dataTypeName":"com.google.speed","startTimeNanos":1629015934039596929,"modifiedTimeMillis":1629044359610,"rawTimestampNanos":0},
        {"fitValue":[{"value":{"fpVal":0.5834470987319946}}],"originDataSourceId":"raw:com.google.step_count.cumulative:HUAWEI:FLA-LX2:85541c714df67400:step counter","endTimeNanos":1629016087970452869,"dataTypeName":"com.google.speed","startTimeNanos":1629016087970452869,"modifiedTimeMillis":1629044359610,"rawTimestampNanos":0},
        {"fitValue":[{"value":{"fpVal":0.3209689259529114}}],"originDataSourceId":"raw:com.google.step_count.cumulative:HUAWEI:FLA-LX2:85541c714df67400:step counter","endTimeNanos":1629016265427726518,"dataTypeName":"com.google.speed","startTimeNanos":1629016265427726518,"modifiedTimeMillis":1629044359610,"rawTimestampNanos":0},
        {"fitValue":[{"value":{"fpVal":0.31382301449775696}}],"originDataSourceId":"raw:com.google.step_count.cumulative:HUAWEI:FLA-LX2:85541c714df67400:step counter","endTimeNanos":1629016429444565268,"dataTypeName":"com.google.speed","startTimeNanos":1629016429444565268,"modifiedTimeMillis":1629044359610,"rawTimestampNanos":0},
        {"fitValue":[{"value":{"fpVal":0.478974312543869}}],"originDataSourceId":"raw:com.google.step_count.cumulative:HUAWEI:FLA-LX2:85541c714df67400:step counter","endTimeNanos":1629016637828965842,"dataTypeName":"com.google.speed","startTimeNanos":1629016637828965842,"modifiedTimeMillis":1629044359610,"rawTimestampNanos":0},
        {"fitValue":[{"value":{"fpVal":0.32453033328056335}}],"originDataSourceId":"raw:com.google.step_count.cumulative:HUAWEI:FLA-LX2:85541c714df67400:step counter","endTimeNanos":1629018655576408825,"dataTypeName":"com.google.speed","startTimeNanos":1629018655576408825,"modifiedTimeMillis":1629044359610,"rawTimestampNanos":0},
        {"fitValue":[{"value":{"fpVal":0.86290043592453}}],"originDataSourceId":"raw:com.google.step_count.cumulative:HUAWEI:FLA-LX2:85541c714df67400:step counter","endTimeNanos":1629020463627898133,"dataTypeName":"com.google.speed","startTimeNanos":1629020463627898133,"modifiedTimeMillis":1629044359610,"rawTimestampNanos":0},
        {"fitValue":[{"value":{"fpVal":0.31382301449775696}}],"originDataSourceId":"raw:com.google.step_count.cumulative:HUAWEI:FLA-LX2:85541c714df67400:step counter","endTimeNanos":1629022814346814676,"dataTypeName":"com.google.speed","startTimeNanos":1629022814346814676,"modifiedTimeMillis":1629044359610,"rawTimestampNanos":0},
        {"fitValue":[{"value":{"fpVal":0.31382298469543457}}],"originDataSourceId":"raw:com.google.step_count.cumulative:HUAWEI:FLA-LX2:85541c714df67400:step counter","endTimeNanos":1629031381742833028,"dataTypeName":"com.google.speed","startTimeNanos":1629031381742833028,"modifiedTimeMillis":1629044359610,"rawTimestampNanos":0},
        {"fitValue":[{"value":{"fpVal":0.2510583996772766}}],"originDataSourceId":"raw:com.google.step_count.cumulative:HUAWEI:FLA-LX2:85541c714df67400:step counter","endTimeNanos":1629033217826690022,"dataTypeName":"com.google.speed","startTimeNanos":1629033217826690022,"modifiedTimeMillis":1629044359610,"rawTimestampNanos":0},
        {"fitValue":[{"value":{"fpVal":0.31382301449775696}}],"originDataSourceId":"raw:com.google.step_count.cumulative:HUAWEI:FLA-LX2:85541c714df67400:step counter","endTimeNanos":1629033919454753466,"dataTypeName":"com.google.speed","startTimeNanos":1629033919454753466,"modifiedTimeMillis":1629044359610,"rawTimestampNanos":0},
        {"fitValue":[{"value":{"fpVal":0.31382301449775696}}],"originDataSourceId":"raw:com.google.step_count.cumulative:HUAWEI:FLA-LX2:85541c714df67400:step counter","endTimeNanos":1629041841881001024,"dataTypeName":"com.google.speed","startTimeNanos":1629041841881001024,"modifiedTimeMillis":1629044359610,"rawTimestampNanos":0},
        {"fitValue":[{"value":{"fpVal":0.31382301449775696}}],"originDataSourceId":"raw:com.google.step_count.cumulative:HUAWEI:FLA-LX2:85541c714df67400:step counter","endTimeNanos":1629044043929320584,"dataTypeName":"com.google.speed","startTimeNanos":1629044043929320584,"modifiedTimeMillis":1629044359610,"rawTimestampNanos":0},
        {"fitValue":[{"value":{"fpVal":0.282440721988678}}],"originDataSourceId":"raw:com.google.step_count.cumulative:HUAWEI:FLA-LX2:85541c714df67400:step counter","endTimeNanos":1629079350713000000,"dataTypeName":"com.google.speed","startTimeNanos":1629079350713000000,"modifiedTimeMillis":1629098784041,"rawTimestampNanos":0},
        {"fitValue":[{"value":{"fpVal":0.31382301449775696}}],"originDataSourceId":"raw:com.google.step_count.cumulative:HUAWEI:FLA-LX2:85541c714df67400:step counter","endTimeNanos":1629083265322997952,"dataTypeName":"com.google.speed","startTimeNanos":1629083265322997952,"modifiedTimeMillis":1629098784041,"rawTimestampNanos":0},
        {"fitValue":[{"value":{"fpVal":0.31382301449775696}}],"originDataSourceId":"raw:com.google.step_count.cumulative:HUAWEI:FLA-LX2:85541c714df67400:step counter","endTimeNanos":1629086585537000512,"dataTypeName":"com.google.speed","startTimeNanos":1629086585537000512,"modifiedTimeMillis":1629098784041,"rawTimestampNanos":0},
        {"fitValue":[{"value":{"fpVal":0.31382298469543457}}],"originDataSourceId":"raw:com.google.step_count.cumulative:HUAWEI:FLA-LX2:85541c714df67400:step counter","endTimeNanos":1629095486937977984,"dataTypeName":"com.google.speed","startTimeNanos":1629095486937977984,"modifiedTimeMillis":1629098784041,"rawTimestampNanos":0},
        {"fitValue":[{"value":{"fpVal":0.31382298469543457}}],"originDataSourceId":"raw:com.google.step_count.cumulative:HUAWEI:FLA-LX2:85541c714df67400:step counter","endTimeNanos":1629096742176997952,"dataTypeName":"com.google.speed","startTimeNanos":1629096742176997952,"modifiedTimeMillis":1629098784041,"rawTimestampNanos":0},
        {"fitValue":[{"value":{"fpVal":1.0779672861099243}}],"originDataSourceId":"raw:com.google.step_count.cumulative:HUAWEI:FLA-LX2:85541c714df67400:step counter","endTimeNanos":1629096794585000000,"dataTypeName":"com.google.speed","startTimeNanos":1629096794585000000,"modifiedTimeMillis":1629098784041,"rawTimestampNanos":0},
        {"fitValue":[{"value":{"fpVal":0.31382301449775696}}],"originDataSourceId":"raw:com.google.step_count.cumulative:HUAWEI:FLA-LX2:85541c714df67400:step counter","endTimeNanos":1629097937461995392,"dataTypeName":"com.google.speed","startTimeNanos":1629097937461995392,"modifiedTimeMillis":1629098784041,"rawTimestampNanos":0},
        {"fitValue":[{"value":{"fpVal":0.282440721988678}}],"originDataSourceId":"raw:com.google.step_count.cumulative:HUAWEI:FLA-LX2:85541c714df67400:step counter","endTimeNanos":1629098027842000000,"dataTypeName":"com.google.speed","startTimeNanos":1629098027842000000,"modifiedTimeMillis":1629098784041,"rawTimestampNanos":0},
        {"fitValue":[{"value":{"fpVal":0.3563045859336853}}],"originDataSourceId":"raw:com.google.step_count.cumulative:HUAWEI:FLA-LX2:85541c714df67400:step counter","endTimeNanos":1629105816624500000,"dataTypeName":"com.google.speed","startTimeNanos":1629105816624500000,"modifiedTimeMillis":1629142860112,"rawTimestampNanos":0},
        {"fitValue":[{"value":{"fpVal":0.7506653666496277}}],"originDataSourceId":"raw:com.google.step_count.cumulative:HUAWEI:FLA-LX2:85541c714df67400:step counter","endTimeNanos":1629106137585000000,"dataTypeName":"com.google.speed","startTimeNanos":1629106137585000000,"modifiedTimeMillis":1629142860112,"rawTimestampNanos":0},
        {"fitValue":[{"value":{"fpVal":0.777545690536499}}],"originDataSourceId":"raw:com.google.step_count.cumulative:HUAWEI:FLA-LX2:85541c714df67400:step counter","endTimeNanos":1629106241061500000,"dataTypeName":"com.google.speed","startTimeNanos":1629106241061500000,"modifiedTimeMillis":1629142860112,"rawTimestampNanos":0},
        {"fitValue":[{"value":{"fpVal":0.9817186594009399}}],"originDataSourceId":"raw:com.google.step_count.cumulative:HUAWEI:FLA-LX2:85541c714df67400:step counter","endTimeNanos":1629112006611500000,"dataTypeName":"com.google.speed","startTimeNanos":1629112006611500000,"modifiedTimeMillis":1629142860112,"rawTimestampNanos":0},
        {"fitValue":[{"value":{"fpVal":1.0903823375701904}}],"originDataSourceId":"raw:com.google.step_count.cumulative:HUAWEI:FLA-LX2:85541c714df67400:step counter","endTimeNanos":1629112066805000000,"dataTypeName":"com.google.speed","startTimeNanos":1629112066805000000,"modifiedTimeMillis":1629142860112,"rawTimestampNanos":0},
        {"fitValue":[{"value":{"fpVal":0.9811639189720154}}],"originDataSourceId":"raw:com.google.step_count.cumulative:HUAWEI:FLA-LX2:85541c714df67400:step counter","endTimeNanos":1629112109179500000,"dataTypeName":"com.google.speed","startTimeNanos":1629112109179500000,"modifiedTimeMillis":1629142860112,"rawTimestampNanos":0},
        {"fitValue":[{"value":{"fpVal":0.7328833937644958}}],"originDataSourceId":"raw:com.google.step_count.cumulative:HUAWEI:FLA-LX2:85541c714df67400:step counter","endTimeNanos":1629112225084500000,"dataTypeName":"com.google.speed","startTimeNanos":1629112225084500000,"modifiedTimeMillis":1629142860112,"rawTimestampNanos":0},
        {"fitValue":[{"value":{"fpVal":0.7460669279098511}}],"originDataSourceId":"raw:com.google.step_count.cumulative:HUAWEI:FLA-LX2:85541c714df67400:step counter","endTimeNanos":1629122076088838799,"dataTypeName":"com.google.speed","startTimeNanos":1629122076088838799,"modifiedTimeMillis":1629142860112,"rawTimestampNanos":0},
        {"fitValue":[{"value":{"fpVal":0.31382301449775696}}],"originDataSourceId":"raw:com.google.step_count.cumulative:HUAWEI:FLA-LX2:85541c714df67400:step counter","endTimeNanos":1629122192296491111,"dataTypeName":"com.google.speed","startTimeNanos":1629122192296491111,"modifiedTimeMillis":1629142860112,"rawTimestampNanos":0},
        {"fitValue":[{"value":{"fpVal":0.36752623319625854}}],"originDataSourceId":"raw:com.google.step_count.cumulative:HUAWEI:FLA-LX2:85541c714df67400:step counter","endTimeNanos":1629124527391938020,"dataTypeName":"com.google.speed","startTimeNanos":1629124527391938020,"modifiedTimeMillis":1629142860112,"rawTimestampNanos":0},
        {"fitValue":[{"value":{"fpVal":0.31382301449775696}}],"originDataSourceId":"raw:com.google.step_count.cumulative:HUAWEI:FLA-LX2:85541c714df67400:step counter","endTimeNanos":1629125380151718765,"dataTypeName":"com.google.speed","startTimeNanos":1629125380151718765,"modifiedTimeMillis":1629142860112,"rawTimestampNanos":0},
        {"fitValue":[{"value":{"fpVal":0.36977219581604004}}],"originDataSourceId":"raw:com.google.step_count.cumulative:HUAWEI:FLA-LX2:85541c714df67400:step counter","endTimeNanos":1629125484586359894,"dataTypeName":"com.google.speed","startTimeNanos":1629125484586359894,"modifiedTimeMillis":1629142860112,"rawTimestampNanos":0},
        {"fitValue":[{"value":{"fpVal":0.31382301449775696}}],"originDataSourceId":"raw:com.google.step_count.cumulative:HUAWEI:FLA-LX2:85541c714df67400:step counter","endTimeNanos":1629127601497996928,"dataTypeName":"com.google.speed","startTimeNanos":1629127601497996928,"modifiedTimeMillis":1629142860112,"rawTimestampNanos":0}
    ]
}