{
    "Data Source": "derived:com.google.calories.expended:com.google.android.gms:merge_calories_expended",
    "Data Points": [
        {"fitValue":[{"value":{"fpVal":100.99524688720703}}],"originDataSourceId":"derived:com.google.calories.expended:com.google.android.fit:HUAWEI:FLA-LX2:85541c714df67400:top_level","endTimeNanos":1628969481031000000,"dataTypeName":"com.google.calories.expended","startTimeNanos":1628963903537000000,"modifiedTimeMillis":1628993954978,"rawTimestampNanos":0},
        {"fitValue":[{"value":{"fpVal":46.23332977294922}}],"originDataSourceId":"derived:com.google.calories.expended:com.google.android.fit:HUAWEI:FLA-LX2:85541c714df67400:top_level","endTimeNanos":1628997974693000000,"dataTypeName":"com.google.calories.expended","startTimeNanos":1628997374693000000,"modifiedTimeMillis":1629044359610,"rawTimestampNanos":0},
        {"fitValue":[{"value":{"fpVal":15.836688041687012}}],"originDataSourceId":"derived:com.google.calories.expended:com.google.android.fit:HUAWEI:FLA-LX2:85541c714df67400:top_level","endTimeNanos":1628999794594000000,"dataTypeName":"com.google.calories.expended","startTimeNanos":1628999589071000000,"modifiedTimeMillis":1629044359610,"rawTimestampNanos":0},
        {"fitValue":[{"value":{"fpVal":2.6335246562957764}}],"originDataSourceId":"derived:com.google.calories.expended:com.google.android.fit:HUAWEI:FLA-LX2:85541c714df67400:top_level","endTimeNanos":1629000317851000000,"dataTypeName":"com.google.calories.expended","startTimeNanos":1629000283674039759,"modifiedTimeMillis":1629044359610,"rawTimestampNanos":0},
        {"fitValue":[{"value":{"fpVal":6.242347240447998}}],"originDataSourceId":"derived:com.google.calories.expended:com.google.android.fit:HUAWEI:FLA-LX2:85541c714df67400:top_level","endTimeNanos":1629000398862000000,"dataTypeName":"com.google.calories.expended","startTimeNanos":1629000317851000000,"modifiedTimeMillis":1629044359610,"rawTimestampNanos":0},
        {"fitValue":[{"value":{"fpVal":5.934973239898682}}],"originDataSourceId":"derived:com.google.calories.expended:com.google.android.fit:HUAWEI:FLA-LX2:85541c714df67400:top_level","endTimeNanos":1629006340765000000,"dataTypeName":"com.google.calories.expended","startTimeNanos":1629006263743000000,"modifiedTimeMillis":1629044359610,"rawTimestampNanos":0},
        {"fitValue":[{"value":{"fpVal":4.978723526000977}}],"originDataSourceId":"derived:com.google.calories.expended:com.google.android.fit:HUAWEI:FLA-LX2:85541c714df67400:top_level","endTimeNanos":1629008355425000000,"dataTypeName":"com.google.calories.expended","startTimeNanos":1629008290812865544,"modifiedTimeMillis":1629044359610,"rawTimestampNanos":0},
        {"fitValue":[{"value":{"fpVal":6.0148797035217285}}],"originDataSourceId":"derived:com.google.calories.expended:com.google.android.fit:HUAWEI:FLA-LX2:85541c714df67400:top_level","endTimeNanos":1629008433484000000,"dataTypeName":"com.google.calories.expended","startTimeNanos":1629008355425000000,"modifiedTimeMillis":1629044359610,"rawTimestampNanos":0},
        {"fitValue":[{"value":{"fpVal":133.39382934570312}}],"originDataSourceId":"derived:com.google.calories.expended:com.google.android.fit:HUAWEI:FLA-LX2:85541c714df67400:top_level","endTimeNanos":1629015800200000000,"dataTypeName":"com.google.calories.expended","startTimeNanos":1629008433484000000,"modifiedTimeMillis":1629044359610,"rawTimestampNanos":0},
        {"fitValue":[{"value":{"fpVal":7.829923152923584}}],"originDataSourceId":"derived:com.google.calories.expended:com.google.android.fit:HUAWEI:FLA-LX2:85541c714df67400:top_level","endTimeNanos":1629016759716000000,"dataTypeName":"com.google.calories.expended","startTimeNanos":1629016658102000000,"modifiedTimeMillis":1629044359610,"rawTimestampNanos":0},
        {"fitValue":[{"value":{"fpVal":5.902917385101318}}],"originDataSourceId":"derived:com.google.calories.expended:com.google.android.fit:HUAWEI:FLA-LX2:85541c714df67400:top_level","endTimeNanos":1629079749824000000,"dataTypeName":"com.google.calories.expended","startTimeNanos":1629079673218000000,"modifiedTimeMillis":1629098784041,"rawTimestampNanos":0},
        {"fitValue":[{"value":{"fpVal":13.84349250793457}}],"originDataSourceId":"derived:com.google.calories.expended:com.google.android.fit:HUAWEI:FLA-LX2:85541c714df67400:top_level","endTimeNanos":1629086450613000000,"dataTypeName":"com.google.calories.expended","startTimeNanos":1629086270957000000,"modifiedTimeMillis":1629098784041,"rawTimestampNanos":0},
        {"fitValue":[{"value":{"fpVal":5.741640090942383}}],"originDataSourceId":"derived:com.google.calories.expended:com.google.android.fit:HUAWEI:FLA-LX2:85541c714df67400:top_level","endTimeNanos":1629096825433000000,"dataTypeName":"com.google.calories.expended","startTimeNanos":1629096750920000000,"modifiedTimeMillis":1629098784041,"rawTimestampNanos":0},
        {"fitValue":[{"value":{"fpVal":4.586962699890137}}],"originDataSourceId":"derived:com.google.calories.expended:com.google.android.fit:HUAWEI:FLA-LX2:85541c714df67400:top_level","endTimeNanos":1629098029846000000,"dataTypeName":"com.google.calories.expended","startTimeNanos":1629097970318000000,"modifiedTimeMillis":1629098784041,"rawTimestampNanos":0},
        {"fitValue":[{"value":{"fpVal":5.281464576721191}}],"originDataSourceId":"derived:com.google.calories.expended:com.google.android.fit:HUAWEI:FLA-LX2:85541c714df67400:top_level","endTimeNanos":1629108471257000000,"dataTypeName":"com.google.calories.expended","startTimeNanos":1629108402716000000,"modifiedTimeMillis":1629142860112,"rawTimestampNanos":0},
        {"fitValue":[{"value":{"fpVal":11.62745189666748}}],"originDataSourceId":"derived:com.google.calories.expended:com.google.android.fit:HUAWEI:FLA-LX2:85541c714df67400:top_level","endTimeNanos":1629112117561000000,"dataTypeName":"com.google.calories.expended","startTimeNanos":1629111966664000000,"modifiedTimeMillis":1629142860112,"rawTimestampNanos":0},
        {"fitValue":[{"value":{"fpVal":13.65609359741211}}],"originDataSourceId":"derived:com.google.calories.expended:com.google.android.fit:HUAWEI:FLA-LX2:85541c714df67400:top_level","endTimeNanos":1629112294785000000,"dataTypeName":"com.google.calories.expended","startTimeNanos":1629112117561000000,"modifiedTimeMillis":1629142860112,"rawTimestampNanos":0},
        {"fitValue":[{"value":{"fpVal":1.8551894426345825}}],"originDataSourceId":"derived:com.google.calories.expended:com.google.android.fit:HUAWEI:FLA-LX2:85541c714df67400:top_level","endTimeNanos":1629112318861000000,"dataTypeName":"com.google.calories.expended","startTimeNanos":1629112294785000000,"modifiedTimeMillis":1629142860112,"rawTimestampNanos":0},
        {"fitValue":[{"value":{"fpVal":6.448625087738037}}],"originDataSourceId":"derived:com.google.calories.expended:com.google.android.fit:HUAWEI:FLA-LX2:85541c714df67400:top_level","endTimeNanos":1629124638526000000,"dataTypeName":"com.google.calories.expended","startTimeNanos":1629124554838000000,"modifiedTimeMillis":1629142860112,"rawTimestampNanos":0},
        {"fitValue":[{"value":{"fpVal":14.238554954528809}}],"originDataSourceId":"derived:com.google.calories.expended:com.google.android.fit:HUAWEI:FLA-LX2:85541c714df67400:top_level","endTimeNanos":1629124955650000000,"dataTypeName":"com.google.calories.expended","startTimeNanos":1629124770867000000,"modifiedTimeMillis":1629142860112,"rawTimestampNanos":0}
    ]
}