{
    "Data Source": "derived:com.google.activity.segment:com.google.android.gms:merge_activity_segments",
    "Data Points": [
        {"fitValue":[{"value":{"intVal":0}}],"originDataSourceId":"derived:com.google.activity.samples:com.google.android.gms:HUAWEI:FLA-LX2:85541c714df67400:detailed","endTimeNanos":1628969481031000000,"dataTypeName":"com.google.activity.segment","startTimeNanos":1628963903537000000,"modifiedTimeMillis":1628993954981,"rawTimestampNanos":0},
        {"fitValue":[{"value":{"intVal":7}}],"originDataSourceId":"derived:com.google.activity.samples:com.google.android.gms:HUAWEI:FLA-LX2:85541c714df67400:detailed","endTimeNanos":1628997974693000000,"dataTypeName":"com.google.activity.segment","startTimeNanos":1628997374693000000,"modifiedTimeMillis":1629044359611,"rawTimestampNanos":0},
        {"fitValue":[{"value":{"intVal":7}}],"originDataSourceId":"derived:com.google.activity.samples:com.google.android.gms:HUAWEI:FLA-LX2:85541c714df67400:detailed","endTimeNanos":1628999794594000000,"dataTypeName":"com.google.activity.segment","startTimeNanos":1628999589071000000,"modifiedTimeMillis":1629044359611,"rawTimestampNanos":0},
        {"fitValue":[{"value":{"intVal":7}}],"originDataSourceId":"raw:com.google.step_count.cumulative:HUAWEI:FLA-LX2:85541c714df67400:step counter","endTimeNanos":1629000317851000000,"dataTypeName":"com.google.activity.segment","startTimeNanos":1629000283674039759,"modifiedTimeMillis":1629044359611,"rawTimestampNanos":0},
        {"fitValue":[{"value":{"intVal":7}}],"originDataSourceId":"derived:com.google.activity.samples:com.google.android.gms:HUAWEI:FLA-LX2:85541c714df67400:detailed","endTimeNanos":1629000398862000000,"dataTypeName":"com.google.activity.segment","startTimeNanos":1629000317851000000,"modifiedTimeMillis":1629044359611,"rawTimestampNanos":0},
        {"fitValue":[{"value":{"intVal":7}}],"originDataSourceId":"derived:com.google.activity.samples:com.google.android.gms:HUAWEI:FLA-LX2:85541c714df67400:detailed","endTimeNanos":1629006340765000000,"dataTypeName":"com.google.activity.segment","startTimeNanos":1629006263743000000,"modifiedTimeMillis":1629044359611,"rawTimestampNanos":0},
        {"fitValue":[{"value":{"intVal":7}}],"originDataSourceId":"raw:com.google.step_count.cumulative:HUAWEI:FLA-LX2:85541c714df67400:step counter","endTimeNanos":1629008355425000000,"dataTypeName":"com.google.activity.segment","startTimeNanos":1629008290812865544,"modifiedTimeMillis":1629044359611,"rawTimestampNanos":0},
        {"fitValue":[{"value":{"intVal":7}}],"originDataSourceId":"derived:com.google.activity.samples:com.google.android.gms:HUAWEI:FLA-LX2:85541c714df67400:detailed","endTimeNanos":1629008433484000000,"dataTypeName":"com.google.activity.segment","startTimeNanos":1629008355425000000,"modifiedTimeMillis":1629044359611,"rawTimestampNanos":0},
        {"fitValue":[{"value":{"intVal":0}}],"originDataSourceId":"derived:com.google.activity.samples:com.google.android.gms:HUAWEI:FLA-LX2:85541c714df67400:detailed","endTimeNanos":1629015800200000000,"dataTypeName":"com.google.activity.segment","startTimeNanos":1629008433484000000,"modifiedTimeMillis":1629044359611,"rawTimestampNanos":0},
        {"fitValue":[{"value":{"intVal":7}}],"originDataSourceId":"derived:com.google.activity.samples:com.google.android.gms:HUAWEI:FLA-LX2:85541c714df67400:detailed","endTimeNanos":1629016759716000000,"dataTypeName":"com.google.activity.segment","startTimeNanos":1629016658102000000,"modifiedTimeMillis":1629044359611,"rawTimestampNanos":0},
        {"fitValue":[{"value":{"intVal":7}}],"originDataSourceId":"derived:com.google.activity.samples:com.google.android.gms:HUAWEI:FLA-LX2:85541c714df67400:detailed","endTimeNanos":1629079749824000000,"dataTypeName":"com.google.activity.segment","startTimeNanos":1629079673218000000,"modifiedTimeMillis":1629098784041,"rawTimestampNanos":0},
        {"fitValue":[{"value":{"intVal":7}}],"originDataSourceId":"derived:com.google.activity.samples:com.google.android.gms:HUAWEI:FLA-LX2:85541c714df67400:detailed","endTimeNanos":1629086450613000000,"dataTypeName":"com.google.activity.segment","startTimeNanos":1629086270957000000,"modifiedTimeMillis":1629098784041,"rawTimestampNanos":0},
        {"fitValue":[{"value":{"intVal":7}}],"originDataSourceId":"derived:com.google.activity.samples:com.google.android.gms:HUAWEI:FLA-LX2:85541c714df67400:detailed","endTimeNanos":1629096825433000000,"dataTypeName":"com.google.activity.segment","startTimeNanos":1629096750920000000,"modifiedTimeMillis":1629098784041,"rawTimestampNanos":0},
        {"fitValue":[{"value":{"intVal":7}}],"originDataSourceId":"derived:com.google.activity.samples:com.google.android.gms:HUAWEI:FLA-LX2:85541c714df67400:detailed","endTimeNanos":1629098029846000000,"dataTypeName":"com.google.activity.segment","startTimeNanos":1629097970318000000,"modifiedTimeMillis":1629098784041,"rawTimestampNanos":0},
        {"fitValue":[{"value":{"intVal":7}}],"originDataSourceId":"derived:com.google.activity.samples:com.google.android.gms:HUAWEI:FLA-LX2:85541c714df67400:detailed","endTimeNanos":1629108471257000000,"dataTypeName":"com.google.activity.segment","startTimeNanos":1629108402716000000,"modifiedTimeMillis":1629142860112,"rawTimestampNanos":0},
        {"fitValue":[{"value":{"intVal":7}}],"originDataSourceId":"raw:com.google.step_count.cumulative:HUAWEI:FLA-LX2:85541c714df67400:step counter","endTimeNanos":1629112117561000000,"dataTypeName":"com.google.activity.segment","startTimeNanos":1629111966664000000,"modifiedTimeMillis":1629142860112,"rawTimestampNanos":0},
        {"fitValue":[{"value":{"intVal":7}}],"originDataSourceId":"derived:com.google.activity.samples:com.google.android.gms:HUAWEI:FLA-LX2:85541c714df67400:detailed","endTimeNanos":1629112294785000000,"dataTypeName":"com.google.activity.segment","startTimeNanos":1629112117561000000,"modifiedTimeMillis":1629142860112,"rawTimestampNanos":0},
        {"fitValue":[{"value":{"intVal":7}}],"originDataSourceId":"raw:com.google.step_count.cumulative:HUAWEI:FLA-LX2:85541c714df67400:step counter","endTimeNanos":1629112318861000000,"dataTypeName":"com.google.activity.segment","startTimeNanos":1629112294785000000,"modifiedTimeMillis":1629142860112,"rawTimestampNanos":0},
        {"fitValue":[{"value":{"intVal":7}}],"originDataSourceId":"derived:com.google.activity.samples:com.google.android.gms:HUAWEI:FLA-LX2:85541c714df67400:detailed","endTimeNanos":1629124638526000000,"dataTypeName":"com.google.activity.segment","startTimeNanos":1629124554838000000,"modifiedTimeMillis":1629142860112,"rawTimestampNanos":0},
        {"fitValue":[{"value":{"intVal":7}}],"originDataSourceId":"derived:com.google.activity.samples:com.google.android.gms:HUAWEI:FLA-LX2:85541c714df67400:detailed","endTimeNanos":1629124955650000000,"dataTypeName":"com.google.activity.segment","startTimeNanos":1629124770867000000,"modifiedTimeMillis":1629142860112,"rawTimestampNanos":0}
    ]
}