ချန်နယ် ID,ချန်နယ် URL,ချန်နယ်ခေါင်းစဉ်
UCIG1k8umaCIIrujZPzZPIMA,http://www.youtube.com/channel/UCIG1k8umaCIIrujZPzZPIMA,Made by Google
UCMDQxm7cUx3yXkfeHa5zJIQ,http://www.youtube.com/channel/UCMDQxm7cUx3yXkfeHa5zJIQ,YouTube Viewers
UC_x5XG1OV2P6uZZ5FSM9Ttw,http://www.youtube.com/channel/UC_x5XG1OV2P6uZZ5FSM9Ttw,Google Developers
UCqmld-BIYME2i_ooRTo1EOg,http://www.youtube.com/channel/UCqmld-BIYME2i_ooRTo1EOg,Mobile Legends: Bang Bang Official
UCu4fAD7we5LHgr3LX-1DK8g,http://www.youtube.com/channel/UCu4fAD7we5LHgr3LX-1DK8g,Google My Business

