{
  "attributes": [{
    "id": {
      "attributeType": "LISTING_NAME"
    },
    "values": [{
      "datum": {
        "listingName": {
          "text": "WWP / SCC"
        }
      }
    }]
  }, {
    "id": {
      "attributeType": "POINT"
    },
    "values": [{
      "datum": {
        "point": {
          "latE7": 137111053,
          "lngE7": 1005234050
        }
      }
    }]
  }, {
    "id": {
      "attributeType": "PHONE_NUMBER"
    },
    "values": [{
      "datum": {
        "phoneNumber": {
          "phoneNumber": "082 004 4261",
          "metadata": {
            "isPreferred": true
          },
          "phoneType": "VOICE"
        }
      }
    }]
  }, {
    "id": {
      "attributeType": "ADDRESS"
    },
    "values": [{
      "datum": {
        "address": {
          "postalAddress": {
            "regionCode": "TH",
            "languageCode": "en",
            "postalCode": "10120",
            "administrativeArea": "กรุงเทพมหานคร",
            "locality": "เขต สาทร",
            "sublocality": "แขวง ทุ่งวัดดอน",
            "addressLines": ["422 (327/89) Chan 32", "ถนน จันทน์"]
          }
        }
      }
    }]
  }, {
    "id": {
      "attributeType": "CATEGORY"
    },
    "values": [{
      "datum": {
        "category": {
          "gcid": "gcid:corporate_office",
          "metadata": {
            "isPrimary": true
          },
          "localizedName": "Corporate office"
        }
      }
    }]
  }, {
    "id": {
      "attributeType": "BUSINESS_EXISTENCE"
    },
    "values": [{
      "datum": {
        "businessExistence": {
          "businessState": "CLOSED"
        }
      }
    }]
  }, {
    "id": {
      "attributeType": "SERVICE_AREA"
    }
  }, {
    "id": {
      "attributeType": "SIGNUP_REGION"
    },
    "values": [{
      "datum": {
        "signupRegion": {
          "regionCode": "TH"
        }
      }
    }]
  }, {
    "id": {
      "attributeType": "CLOSURE"
    },
    "values": [{
      "datum": {
        "closure": {
          "type": "PERMANENT"
        }
      }
    }]
  }, {
    "id": {
      "attributeType": "WEBSITE"
    }
  }, {
    "id": {
      "attributeType": "OPENING_DATE"
    }
  }, {
    "id": {
      "attributeType": "REGULAR_HOURS"
    }
  }, {
    "id": {
      "attributeType": "EXCEPTIONAL_HOURS"
    }
  }, {
    "id": {
      "attributeType": "MERCHANT_DESCRIPTION"
    }
  }, {
    "id": {
      "attributeType": "VANITY_DATA"
    }
  }, {
    "id": {
      "attributeType": "GEOSTORE_PRICE_INFO"
    }
  }, {
    "id": {
      "attributeType": "FOOD_ORDERING_MERCHANT_PREFERENCE"
    }
  }, {
    "id": {
      "attributeType": "ACCEPTS_QUOTE_REQUESTS"
    }
  }, {
    "id": {
      "attributeType": "DISALLOW_PHONE_NUMBER_EDITS"
    }
  }, {
    "id": {
      "attributeType": "CALL_TRACKING"
    }
  }, {
    "id": {
      "attributeType": "ACCEPTS_SERVICE_REQUESTS"
    }
  }, {
    "id": {
      "attributeType": "QBC_PRODUCT_TYPE"
    }
  }, {
    "id": {
      "attributeType": "LABEL"
    }
  }, {
    "id": {
      "attributeType": "STORE_CODE"
    }
  }, {
    "id": {
      "attributeType": "GOOGLE_ADS_EXTENSION"
    }
  }, {
    "id": {
      "attributeType": "ASSISTANT_CALLS_SETTING"
    }
  }, {
    "id": {
      "attributeType": "CHAIN_SELF_IDENTIFICATION"
    }
  }, {
    "id": {
      "attributeType": "ADMIN_ROLE_CLAIM"
    }
  }, {
    "id": {
      "attributeType": "MESSAGING_METADATA"
    },
    "values": [{
      "datum": {
        "annotation": {
          "payload": {
          }
        }
      }
    }]
  }, {
    "id": {
      "attributeType": "GLS_ACCOUNT_STATE"
    }
  }]
}