{
  "name": "accounts/118295302829845575946/locations/14975869904062362840",
  "locationName": "WWP / SCC",
  "primaryPhone": "082 004 4261",
  "primaryCategory": {
    "displayName": "Corporate office",
    "categoryId": "gcid:corporate_office",
    "serviceJobs": [{
      "jobTypeId": "job_type_id:cleaning",
      "displayName": "Cleaning",
      "jobTypeMid": "/g/11j7ysbprg"
    }, {
      "jobTypeId": "job_type_id:guards",
      "displayName": "Guards",
      "jobTypeMid": "/g/11fs2wbggs"
    }, {
      "jobTypeId": "job_type_id:security_services",
      "displayName": "Security services",
      "jobTypeMid": "/g/11fs2vzsr_"
    }],
    "moreHoursTypes": [{
      "hoursTypeId": "ACCESS",
      "displayName": "Access",
      "localizedDisplayName": "Access"
    }, {
      "hoursTypeId": "BRUNCH",
      "displayName": "Brunch",
      "localizedDisplayName": "Brunch"
    }, {
      "hoursTypeId": "DELIVERY",
      "displayName": "Delivery",
      "localizedDisplayName": "Delivery"
    }, {
      "hoursTypeId": "DRIVE_THROUGH",
      "displayName": "Drive through",
      "localizedDisplayName": "Drive through"
    }, {
      "hoursTypeId": "HAPPY_HOUR",
      "displayName": "Happy hours",
      "localizedDisplayName": "Happy hours"
    }, {
      "hoursTypeId": "KITCHEN",
      "displayName": "Kitchen",
      "localizedDisplayName": "Kitchen"
    }, {
      "hoursTypeId": "ONLINE_SERVICE_HOURS",
      "displayName": "Online service hours",
      "localizedDisplayName": "Online service hours"
    }, {
      "hoursTypeId": "PICKUP",
      "displayName": "Pickup",
      "localizedDisplayName": "Pickup"
    }, {
      "hoursTypeId": "TAKEOUT",
      "displayName": "Takeout",
      "localizedDisplayName": "Takeout"
    }, {
      "hoursTypeId": "SENIOR_HOURS",
      "displayName": "Senior hours",
      "localizedDisplayName": "Senior hours"
    }]
  },
  "locationKey": {
    "placeId": "ChIJH75VdiyZ4jARgQaKJdFEhzg"
  },
  "latlng": {
    "latitude": 13.7111053,
    "longitude": 100.523405
  },
  "openInfo": {
    "status": "CLOSED_PERMANENTLY",
    "canReopen": true
  },
  "languageCode": "en",
  "postalAddress": {
    "regionCode": "TH",
    "languageCode": "en",
    "postalCode": "10120",
    "administrativeArea": "กรุงเทพมหานคร",
    "locality": "เขต สาทร",
    "sublocality": "แขวง ทุ่งวัดดอน",
    "addressLines": ["422 (327/89) Chan 32", "ถนน จันทน์"]
  }
}