[{
  "device": {
    "mostRecentData": {
      "carrierName": "No carrier",
      "playStoreClientVersion": 82242510,
      "manufacturer": "HUAWEI",
      "modelName": "FLA-LX2",
      "deviceName": "HWFLA-H",
      "productName": "FLA-LX2",
      "retailBrand": "HUAWEI",
      "totalMemoryBytes": "2910474240",
      "nativePlatform": ["arm64-v8a", "armeabi-v7a", "armeabi"],
      "deviceIpCountry": "MM",
      "userLocale": "my_MM",
      "buildFingerprint": "HUAWEI/FLA-LX2/HWFLA-H:9/HUAWEIFLA-LX2/9.1.0.164C636:user/release-keys",
      "androidSdkVersion": "28"
    },
    "deviceRegistrationTime": "2021-05-05T07:41:13.597Z",
    "userAddedOnDeviceTime": "2021-06-29T10:26:34.206Z",
    "lastTimeDeviceActive": "2021-08-16T15:13:47.376719Z"
  }
}]