[{
  "install": {
    "doc": {
      "documentType": "Android Apps",
      "title": "ဒေတာပြန်ယူပေးသော တူးလ်"
    },
    "firstInstallationTime": "2021-06-29T10:26:45.144004Z",
    "deviceAttribute": {
      "model": "FLA-LX2",
      "carrier": "No carrier",
      "manufacturer": "HUAWEI",
      "deviceDisplayName": "Boyp Sky"
    },
    "lastUpdateTime": "2021-08-17T06:01:27.554Z"
  }
},
{
  "install": {
    "doc": {
      "documentType": "Android Apps",
      "title": "Google Duo"
    },
    "firstInstallationTime": "2021-06-29T10:26:45.144005Z",
    "deviceAttribute": {
      "model": "FLA-LX2",
      "carrier": "No carrier",
      "manufacturer": "HUAWEI",
      "deviceDisplayName": "Boyp Sky"
    },
    "lastUpdateTime": "2021-08-17T06:01:27.554Z"
  }
},
{
  "install": {
    "doc": {
      "documentType": "Android Apps",
      "title": "Google Play services"
    },
    "firstInstallationTime": "2021-06-29T10:26:45.144007Z",
    "deviceAttribute": {
      "model": "FLA-LX2",
      "carrier": "No carrier",
      "manufacturer": "HUAWEI",
      "deviceDisplayName": "Boyp Sky"
    },
    "lastUpdateTime": "2021-08-17T06:01:27.554Z"
  }
},
{
  "install": {
    "doc": {
      "documentType": "Android Apps",
      "title": "Android Accessibility Suite"
    },
    "firstInstallationTime": "2021-06-29T10:26:45.144009Z",
    "deviceAttribute": {
      "model": "FLA-LX2",
      "carrier": "No carrier",
      "manufacturer": "HUAWEI",
      "deviceDisplayName": "Boyp Sky"
    },
    "lastUpdateTime": "2021-08-17T06:01:27.554Z"
  }
},
{
  "install": {
    "doc": {
      "documentType": "Android Apps",
      "title": "com.google.android.music"
    },
    "firstInstallationTime": "2021-06-29T10:26:45.144010Z",
    "deviceAttribute": {
      "model": "FLA-LX2",
      "carrier": "No carrier",
      "manufacturer": "HUAWEI",
      "deviceDisplayName": "Boyp Sky"
    },
    "lastUpdateTime": "2021-08-17T06:01:27.554Z"
  }
},
{
  "install": {
    "doc": {
      "documentType": "Android Apps",
      "title": "Phone Clone"
    },
    "firstInstallationTime": "2021-06-29T10:26:45.144013Z",
    "deviceAttribute": {
      "model": "FLA-LX2",
      "carrier": "No carrier",
      "manufacturer": "HUAWEI",
      "deviceDisplayName": "Boyp Sky"
    },
    "lastUpdateTime": "2021-08-17T06:01:27.554Z"
  }
},
{
  "install": {
    "doc": {
      "documentType": "Android Apps",
      "title": "com.huawei.android.thememanager"
    },
    "firstInstallationTime": "2021-06-29T10:26:45.144015Z",
    "deviceAttribute": {
      "model": "FLA-LX2",
      "carrier": "No carrier",
      "manufacturer": "HUAWEI",
      "deviceDisplayName": "Boyp Sky"
    },
    "lastUpdateTime": "2021-08-17T06:01:27.554Z"
  }
},
{
  "install": {
    "doc": {
      "documentType": "Android Apps",
      "title": "HUAWEI Video"
    },
    "firstInstallationTime": "2021-06-29T10:26:45.144016Z",
    "deviceAttribute": {
      "model": "FLA-LX2",
      "carrier": "No carrier",
      "manufacturer": "HUAWEI",
      "deviceDisplayName": "Boyp Sky"
    },
    "lastUpdateTime": "2021-08-17T06:01:27.554Z"
  }
},
{
  "install": {
    "doc": {
      "documentType": "Android Apps",
      "title": "Smart diagnosis"
    },
    "firstInstallationTime": "2021-06-29T10:26:45.144017Z",
    "deviceAttribute": {
      "model": "FLA-LX2",
      "carrier": "No carrier",
      "manufacturer": "HUAWEI",
      "deviceDisplayName": "Boyp Sky"
    },
    "lastUpdateTime": "2021-08-17T06:01:27.554Z"
  }
},
{
  "install": {
    "doc": {
      "documentType": "Android Apps",
      "title": "com.huawei.hwid"
    },
    "firstInstallationTime": "2021-06-29T10:26:45.144018Z",
    "deviceAttribute": {
      "model": "FLA-LX2",
      "carrier": "No carrier",
      "manufacturer": "HUAWEI",
      "deviceDisplayName": "Boyp Sky"
    },
    "lastUpdateTime": "2021-08-17T06:01:27.554Z"
  }
},
{
  "install": {
    "doc": {
      "documentType": "Android Apps",
      "title": "Microsoft SwiftKey Keyboard"
    },
    "firstInstallationTime": "2021-06-29T10:26:45.144019Z",
    "deviceAttribute": {
      "model": "FLA-LX2",
      "carrier": "No carrier",
      "manufacturer": "HUAWEI",
      "deviceDisplayName": "Boyp Sky"
    },
    "lastUpdateTime": "2021-08-17T06:01:27.554Z"
  }
},
{
  "install": {
    "doc": {
      "documentType": "Android Apps",
      "title": "YouTube"
    },
    "firstInstallationTime": "2021-06-29T10:26:45.144012Z",
    "deviceAttribute": {
      "model": "FLA-LX2",
      "carrier": "No carrier",
      "manufacturer": "HUAWEI",
      "deviceDisplayName": "Boyp Sky"
    },
    "lastUpdateTime": "2021-08-16T05:08:04.769Z"
  }
},
{
  "install": {
    "doc": {
      "documentType": "Android Apps",
      "title": "Google"
    },
    "firstInstallationTime": "2021-06-29T10:26:45.144008Z",
    "deviceAttribute": {
      "model": "FLA-LX2",
      "carrier": "No carrier",
      "manufacturer": "HUAWEI",
      "deviceDisplayName": "Boyp Sky"
    },
    "lastUpdateTime": "2021-08-14T17:44:27.066Z"
  }
},
{
  "install": {
    "doc": {
      "documentType": "Android Apps",
      "title": "Google My Business"
    },
    "firstInstallationTime": "2021-08-11T18:11:14.628Z",
    "deviceAttribute": {
      "model": "FLA-LX2",
      "carrier": "No carrier",
      "manufacturer": "HUAWEI",
      "deviceDisplayName": "Boyp Sky"
    },
    "lastUpdateTime": "2021-08-11T18:11:14.628Z"
  }
},
{
  "install": {
    "doc": {
      "documentType": "Android Apps",
      "title": "Google Chrome- မြန်ဆန် လုံခြုံ"
    },
    "firstInstallationTime": "2021-06-29T10:26:45.144Z",
    "deviceAttribute": {
      "model": "FLA-LX2",
      "carrier": "No carrier",
      "manufacturer": "HUAWEI",
      "deviceDisplayName": "Boyp Sky"
    },
    "lastUpdateTime": "2021-08-16T15:14:57.994Z"
  }
},
{
  "install": {
    "doc": {
      "documentType": "Android Apps",
      "title": "Google Home"
    },
    "firstInstallationTime": "2021-08-17T05:58:05.174Z",
    "deviceAttribute": {
      "model": "FLA-LX2",
      "carrier": "No carrier",
      "manufacturer": "HUAWEI",
      "deviceDisplayName": "Boyp Sky"
    },
    "lastUpdateTime": "2021-08-17T05:58:05.174Z"
  }
},
{
  "install": {
    "doc": {
      "documentType": "Android Apps",
      "title": "Google Drive"
    },
    "firstInstallationTime": "2021-06-29T10:26:45.144001Z",
    "deviceAttribute": {
      "model": "FLA-LX2",
      "carrier": "No carrier",
      "manufacturer": "HUAWEI",
      "deviceDisplayName": "Boyp Sky"
    },
    "lastUpdateTime": "2021-08-16T21:51:34.670Z"
  }
},
{
  "install": {
    "doc": {
      "documentType": "Android Apps",
      "title": "HiCare"
    },
    "firstInstallationTime": "2021-07-31T07:41:00.633Z",
    "deviceAttribute": {
      "model": "FLA-LX2",
      "carrier": "No carrier",
      "manufacturer": "HUAWEI",
      "deviceDisplayName": "Boyp Sky"
    },
    "lastUpdateTime": "2021-08-12T06:44:30.285Z"
  }
},
{
  "install": {
    "doc": {
      "documentType": "Android Apps",
      "title": "Investing.com: Stocks, Finance, Markets \u0026 News"
    },
    "firstInstallationTime": "2021-08-16T07:38:01.776Z",
    "deviceAttribute": {
      "model": "FLA-LX2",
      "carrier": "No carrier",
      "manufacturer": "HUAWEI",
      "deviceDisplayName": "Boyp Sky"
    },
    "lastUpdateTime": "2021-08-16T08:22:42.152Z"
  }
},
{
  "install": {
    "doc": {
      "documentType": "Android Apps",
      "title": "Google Translate"
    },
    "firstInstallationTime": "2021-08-12T18:47:43.007Z",
    "deviceAttribute": {
      "model": "FLA-LX2",
      "carrier": "No carrier",
      "manufacturer": "HUAWEI",
      "deviceDisplayName": "Boyp Sky"
    },
    "lastUpdateTime": "2021-08-12T18:47:43.007Z"
  }
},
{
  "install": {
    "doc": {
      "documentType": "Android Apps",
      "title": "Gmail"
    },
    "firstInstallationTime": "2021-06-29T10:26:45.144006Z",
    "deviceAttribute": {
      "model": "FLA-LX2",
      "carrier": "No carrier",
      "manufacturer": "HUAWEI",
      "deviceDisplayName": "Boyp Sky"
    },
    "lastUpdateTime": "2021-08-16T05:15:21.357Z"
  }
},
{
  "install": {
    "doc": {
      "documentType": "Android Apps",
      "title": "Carrier Services"
    },
    "firstInstallationTime": "2021-08-14T12:30:02.316Z",
    "deviceAttribute": {
      "model": "FLA-LX2",
      "carrier": "No carrier",
      "manufacturer": "HUAWEI",
      "deviceDisplayName": "Boyp Sky"
    },
    "lastUpdateTime": "2021-08-14T12:30:02.316Z"
  }
},
{
  "install": {
    "doc": {
      "documentType": "Android Apps",
      "title": "Google Maps"
    },
    "firstInstallationTime": "2021-06-29T10:26:45.144002Z",
    "deviceAttribute": {
      "model": "FLA-LX2",
      "carrier": "No carrier",
      "manufacturer": "HUAWEI",
      "deviceDisplayName": "Boyp Sky"
    },
    "lastUpdateTime": "2021-08-16T05:11:16.691Z"
  }
},
{
  "install": {
    "doc": {
      "documentType": "Android Apps",
      "title": "Google Photos"
    },
    "firstInstallationTime": "2021-06-29T10:26:45.144003Z",
    "deviceAttribute": {
      "model": "FLA-LX2",
      "carrier": "No carrier",
      "manufacturer": "HUAWEI",
      "deviceDisplayName": "Boyp Sky"
    },
    "lastUpdateTime": "2021-08-16T05:12:55.274Z"
  }
},
{
  "install": {
    "doc": {
      "documentType": "Android Apps",
      "title": "Speech Services by Google"
    },
    "firstInstallationTime": "2021-06-29T10:26:45.144011Z",
    "deviceAttribute": {
      "model": "FLA-LX2",
      "carrier": "No carrier",
      "manufacturer": "HUAWEI",
      "deviceDisplayName": "Boyp Sky"
    },
    "lastUpdateTime": "2021-08-16T05:16:02.440Z"
  }
},
{
  "install": {
    "doc": {
      "documentType": "Android Apps",
      "title": "Google Go: A lighter, faster way to search"
    },
    "firstInstallationTime": "2021-08-16T09:34:35.759Z",
    "deviceAttribute": {
      "model": "FLA-LX2",
      "carrier": "No carrier",
      "manufacturer": "HUAWEI",
      "deviceDisplayName": "Boyp Sky"
    },
    "lastUpdateTime": "2021-08-16T09:34:35.759Z"
  }
},
{
  "install": {
    "doc": {
      "documentType": "Android Apps",
      "title": "Instagram"
    },
    "firstInstallationTime": "2021-08-16T14:41:01.430Z",
    "deviceAttribute": {
      "model": "FLA-LX2",
      "carrier": "No carrier",
      "manufacturer": "HUAWEI",
      "deviceDisplayName": "Boyp Sky"
    },
    "lastUpdateTime": "2021-08-16T15:13:46.200Z"
  }
},
{
  "install": {
    "doc": {
      "documentType": "Android Apps",
      "title": "Discord - Talk, Video Chat \u0026 Hang Out with Friends"
    },
    "firstInstallationTime": "2021-08-16T14:50:00.551Z",
    "deviceAttribute": {
      "model": "FLA-LX2",
      "carrier": "No carrier",
      "manufacturer": "HUAWEI",
      "deviceDisplayName": "Boyp Sky"
    },
    "lastUpdateTime": "2021-08-16T14:50:00.551Z"
  }
},
{
  "install": {
    "doc": {
      "documentType": "Android Apps",
      "title": "YouTube စတူဒီယို"
    },
    "firstInstallationTime": "2021-08-16T17:32:29.324Z",
    "deviceAttribute": {
      "model": "FLA-LX2",
      "carrier": "No carrier",
      "manufacturer": "HUAWEI",
      "deviceDisplayName": "Boyp Sky"
    },
    "lastUpdateTime": "2021-08-16T17:32:29.324Z"
  }
},
{
  "install": {
    "doc": {
      "documentType": "Android Apps",
      "title": "Google One"
    },
    "firstInstallationTime": "2021-08-16T21:34:06.751Z",
    "deviceAttribute": {
      "model": "FLA-LX2",
      "carrier": "No carrier",
      "manufacturer": "HUAWEI",
      "deviceDisplayName": "Boyp Sky"
    },
    "lastUpdateTime": "2021-08-16T21:34:06.751Z"
  }
},
{
  "install": {
    "doc": {
      "documentType": "Android Apps",
      "title": "Nest"
    },
    "firstInstallationTime": "2021-08-17T06:01:27.554Z",
    "deviceAttribute": {
      "model": "FLA-LX2",
      "carrier": "No carrier",
      "manufacturer": "HUAWEI",
      "deviceDisplayName": "Boyp Sky"
    },
    "lastUpdateTime": "2021-08-17T06:01:27.554Z"
  }
}]