[{
  "libraryDoc": {
    "doc": {
      "documentType": "Android Apps",
      "title": "YouTube"
    },
    "acquisitionTime": "2021-07-29T20:37:39.646Z"
  }
},
{
  "libraryDoc": {
    "doc": {
      "documentType": "Android Apps",
      "title": "ကလေးနှင့် ဆယ်ကျော်သက်များအတွက် Google Family Link"
    },
    "acquisitionTime": "2021-07-31T06:59:47.838Z"
  }
},
{
  "libraryDoc": {
    "doc": {
      "documentType": "Android Apps",
      "title": "Google"
    },
    "acquisitionTime": "2021-08-06T15:27:26.091Z"
  }
},
{
  "libraryDoc": {
    "doc": {
      "documentType": "Android Apps",
      "title": "Hangouts"
    },
    "acquisitionTime": "2021-08-06T16:52:59.811Z"
  }
},
{
  "libraryDoc": {
    "doc": {
      "documentType": "Android Apps",
      "title": "Google My Business"
    },
    "acquisitionTime": "2021-08-06T22:23:02.824Z"
  }
},
{
  "libraryDoc": {
    "doc": {
      "documentType": "Android Apps",
      "title": "Google News - Daily Headlines"
    },
    "acquisitionTime": "2021-08-07T02:33:20.706Z"
  }
},
{
  "libraryDoc": {
    "doc": {
      "documentType": "Android Apps",
      "title": "Google Chrome- မြန်ဆန် လုံခြုံ"
    },
    "acquisitionTime": "2021-08-07T04:05:46.129Z"
  }
},
{
  "libraryDoc": {
    "doc": {
      "documentType": "Android Apps",
      "title": "Google Home"
    },
    "acquisitionTime": "2021-08-08T17:19:11.252Z"
  }
},
{
  "libraryDoc": {
    "doc": {
      "documentType": "Android Apps",
      "title": "ELSA Speak: Online English Learning \u0026 Practice App"
    },
    "acquisitionTime": "2021-08-08T17:19:26.750Z"
  }
},
{
  "libraryDoc": {
    "doc": {
      "documentType": "Android Apps",
      "title": "ဘြတ္စတာ- အန္တီဗိုင္းရပ္စ္, ဘြတ္စတာ,ဖုန္းရွင္းသူ"
    },
    "acquisitionTime": "2021-08-09T14:19:11.790Z"
  }
},
{
  "libraryDoc": {
    "doc": {
      "documentType": "Android Apps",
      "title": "MY YANMAR ဝန်ဆောင်မှုပေါ်တယ်အက်ပ်"
    },
    "acquisitionTime": "2021-08-09T18:02:22.022Z"
  }
},
{
  "libraryDoc": {
    "doc": {
      "documentType": "Android Apps",
      "title": "Google Fit: Activity Tracking"
    },
    "acquisitionTime": "2021-08-09T18:39:22.463Z"
  }
},
{
  "libraryDoc": {
    "doc": {
      "documentType": "Android Apps",
      "title": "Microsoft Edge: Web Browser"
    },
    "acquisitionTime": "2021-08-10T01:50:59.777Z"
  }
},
{
  "libraryDoc": {
    "doc": {
      "documentType": "Android Apps",
      "title": "Google Drive"
    },
    "acquisitionTime": "2021-08-10T08:31:50.288Z"
  }
},
{
  "libraryDoc": {
    "doc": {
      "documentType": "Android Apps",
      "title": "Messages"
    },
    "acquisitionTime": "2021-08-10T13:48:24.297Z"
  }
},
{
  "libraryDoc": {
    "doc": {
      "documentType": "Android Apps",
      "title": "Glassdoor - Job search, company reviews \u0026 salaries"
    },
    "acquisitionTime": "2021-08-12T05:27:15.948Z"
  }
},
{
  "libraryDoc": {
    "doc": {
      "documentType": "Android Apps",
      "title": "HiCare"
    },
    "acquisitionTime": "2021-08-12T06:43:20.011Z"
  }
},
{
  "libraryDoc": {
    "doc": {
      "documentType": "Android Apps",
      "title": "Investing.com: Stocks, Finance, Markets \u0026 News"
    },
    "acquisitionTime": "2021-08-12T13:24:57.529Z"
  }
},
{
  "libraryDoc": {
    "doc": {
      "documentType": "Android Apps",
      "title": "Google Translate"
    },
    "acquisitionTime": "2021-08-12T18:47:10.250Z"
  }
},
{
  "libraryDoc": {
    "doc": {
      "documentType": "Android Apps",
      "title": "Gmail"
    },
    "acquisitionTime": "2021-08-13T11:15:44.968Z"
  }
},
{
  "libraryDoc": {
    "doc": {
      "documentType": "Android Apps",
      "title": "Carrier Services"
    },
    "acquisitionTime": "2021-08-14T12:29:26.841Z"
  }
},
{
  "libraryDoc": {
    "doc": {
      "documentType": "Android Apps",
      "title": "Google Calendar"
    },
    "acquisitionTime": "2021-08-15T16:40:08.180Z"
  }
},
{
  "libraryDoc": {
    "doc": {
      "documentType": "Android Apps",
      "title": "Google Maps"
    },
    "acquisitionTime": "2021-08-16T05:08:41.360Z"
  }
},
{
  "libraryDoc": {
    "doc": {
      "documentType": "Android Apps",
      "title": "Google Photos"
    },
    "acquisitionTime": "2021-08-16T05:10:43.297Z"
  }
},
{
  "libraryDoc": {
    "doc": {
      "documentType": "Android Apps",
      "title": "Speech Services by Google"
    },
    "acquisitionTime": "2021-08-16T05:14:50.608Z"
  }
},
{
  "libraryDoc": {
    "doc": {
      "documentType": "Android Apps",
      "title": "Google Go: A lighter, faster way to search"
    },
    "acquisitionTime": "2021-08-16T09:33:31.154Z"
  }
},
{
  "libraryDoc": {
    "doc": {
      "documentType": "Android Apps",
      "title": "Instagram"
    },
    "acquisitionTime": "2021-08-16T14:40:26.906Z"
  }
},
{
  "libraryDoc": {
    "doc": {
      "documentType": "Android Apps",
      "title": "Discord - Talk, Video Chat \u0026 Hang Out with Friends"
    },
    "acquisitionTime": "2021-08-16T14:47:17.332Z"
  }
},
{
  "libraryDoc": {
    "doc": {
      "documentType": "Android Apps",
      "title": "YouTube စတူဒီယို"
    },
    "acquisitionTime": "2021-08-16T17:31:35.929Z"
  }
},
{
  "libraryDoc": {
    "doc": {
      "documentType": "Android Apps",
      "title": "Google One"
    },
    "acquisitionTime": "2021-08-16T21:33:04.694Z"
  }
},
{
  "libraryDoc": {
    "doc": {
      "documentType": "Android Apps",
      "title": "Nest"
    },
    "acquisitionTime": "2021-08-17T05:59:09.525Z"
  }
}]